CWE_ID,Naturex,CWE_Idx,Viewx,Ordinal,CWE_ID0,View0,Ordinal0,Nature0,CWE_ID1,VIEW1,NATURE1,NATURE2,CWE_ID2,VIEW2,ORDINAL2,NATURE3,CWE_ID3,VIEW3,ORDINAL3,NATURE4,CWE_ID4,VIEW4,NATURE5,CWE_ID5,VIEW5,ORDINAL5,NATURE6,CWE_ID6,VIEW6,ORDINAL6,NATURE7,CWE_ID7,VIEW7
1004,ChildOf,732,1000,Primary,,,,,,,,,,,,,,,,,,,,,,,,,,,,,
1007,ChildOf,451,1000,Primary,,,,,,,,,,,,,,,,,,,,,,,,,,,,,
102,,,,,694,1000,Primary,ChildOf,1173,1000,ChildOf,ChildOf,20,700,Primary,,,,,,,,,,,,,,,,,,
1021,,,,,441,1000,Primary,ChildOf,610,1003,ChildOf,ChildOf,451,1000,,,,,,,,,,,,,,,,,,,
1022,ChildOf,266,1000,Primary,,,,,,,,,,,,,,,,,,,,,,,,,,,,,
1023,ChildOf,697,1000,Primary,,,,,,,,,,,,,,,,,,,,,,,,,,,,,
1024,ChildOf,697,1000,Primary,,,,,,,,,,,,,,,,,,,,,,,,,,,,,
1025,ChildOf,697,1000,Primary,,,,,,,,,,,,,,,,,,,,,,,,,,,,,
103,,,,,573,1000,Primary,ChildOf,20,700,,,,,,,,,,,,,,,,,,,,,,,
1037,ChildOf,1038,1000,Primary,,,,,,,,,,,,,,,,,,,,,,,,,,,,,
1038,,,,,435,1000,Primary,ChildOf,758,1000,,,,,,,,,,,,,,,,,,,,,,,
1039,,,,,693,1000,Primary,ChildOf,697,1000,,,,,,,,,,,,,,,,,,,,,,,
104,,,,,573,1000,Primary,ChildOf,20,700,,,,,,,,,,,,,,,,,,,,,,,
1041,ChildOf,710,1000,Primary,,,,,,,,,,,,,,,,,,,,,,,,,,,,,
1042,ChildOf,1176,1000,Primary,,,,,,,,,,,,,,,,,,,,,,,,,,,,,
1043,ChildOf,1093,1000,Primary,,,,,,,,,,,,,,,,,,,,,,,,,,,,,
1044,ChildOf,710,1000,Primary,,,,,,,,,,,,,,,,,,,,,,,,,,,,,
1045,ChildOf,1076,1000,Primary,,,,,,,,,,,,,,,,,,,,,,,,,,,,,
1046,ChildOf,1176,1000,Primary,,,,,,,,,,,,,,,,,,,,,,,,,,,,,
1047,ChildOf,1120,1000,Primary,,,,,,,,,,,,,,,,,,,,,,,,,,,,,
1048,ChildOf,710,1000,Primary,,,,,,,,,,,,,,,,,,,,,,,,,,,,,
1049,ChildOf,1176,1000,Primary,,,,,,,,,,,,,,,,,,,,,,,,,,,,,
105,,,,,1173,1000,Primary,ChildOf,20,700,,,,,,,,,,,,,,,,,,,,,,,
1050,ChildOf,405,1000,Primary,,,,,,,,,,,,,,,,,,,,,,,,,,,,,
1051,ChildOf,665,1000,Primary,,,,,,,,,,,,,,,,,,,,,,,,,,,,,
1052,ChildOf,665,1000,Primary,,,,,,,,,,,,,,,,,,,,,,,,,,,,,
1053,ChildOf,1059,1000,Primary,,,,,,,,,,,,,,,,,,,,,,,,,,,,,
1054,ChildOf,1061,1000,Primary,,,,,,,,,,,,,,,,,,,,,,,,,,,,,
1055,ChildOf,1093,1000,Primary,,,,,,,,,,,,,,,,,,,,,,,,,,,,,
1056,ChildOf,1120,1000,Primary,,,,,,,,,,,,,,,,,,,,,,,,,,,,,
1057,ChildOf,1061,1000,Primary,,,,,,,,,,,,,,,,,,,,,,,,,,,,,
1058,,,,,662,1000,Primary,ChildOf,662,1305,ChildOf,ChildOf,662,1340,Primary,,,,,,,,,,,,,,,,,,
1059,ChildOf,710,1000,Primary,,,,,,,,,,,,,,,,,,,,,,,,,,,,,
106,,,,,1173,1000,Primary,ChildOf,20,700,,,,,,,,,,,,,,,,,,,,,,,
1060,ChildOf,1120,1000,Primary,,,,,,,,,,,,,,,,,,,,,,,,,,,,,
1061,ChildOf,710,1000,Primary,,,,,,,,,,,,,,,,,,,,,,,,,,,,,
1062,ChildOf,1061,1000,Primary,,,,,,,,,,,,,,,,,,,,,,,,,,,,,
1063,ChildOf,1176,1000,Primary,,,,,,,,,,,,,,,,,,,,,,,,,,,,,
1064,ChildOf,1120,1000,Primary,,,,,,,,,,,,,,,,,,,,,,,,,,,,,
1065,ChildOf,710,1000,Primary,,,,,,,,,,,,,,,,,,,,,,,,,,,,,
1066,ChildOf,710,1000,Primary,,,,,,,,,,,,,,,,,,,,,,,,,,,,,
1067,ChildOf,1176,1000,Primary,,,,,,,,,,,,,,,,,,,,,,,,,,,,,
1068,ChildOf,710,1000,Primary,,,,,,,,,,,,,,,,,,,,,,,,,,,,,
1069,ChildOf,1071,1000,Primary,,,,,,,,,,,,,,,,,,,,,,,,,,,,,
107,,,,,710,1000,Primary,ChildOf,20,700,,,,,,,,,,,,,,,,,,,,,,,
1070,ChildOf,710,1000,Primary,,,,,,,,,,,,,,,,,,,,,,,,,,,,,
1071,ChildOf,1164,1000,Primary,,,,,,,,,,,,,,,,,,,,,,,,,,,,,
1072,ChildOf,405,1000,Primary,,,,,,,,,,,,,,,,,,,,,,,,,,,,,
1073,ChildOf,405,1000,Primary,,,,,,,,,,,,,,,,,,,,,,,,,,,,,
1074,ChildOf,1093,1000,Primary,,,,,,,,,,,,,,,,,,,,,,,,,,,,,
1075,ChildOf,1120,1000,Primary,,,,,,,,,,,,,,,,,,,,,,,,,,,,,
1076,ChildOf,710,1000,Primary,,,,,,,,,,,,,,,,,,,,,,,,,,,,,
1077,ChildOf,697,1000,Primary,,,,,,,,,,,,,,,,,,,,,,,,,,,,,
1078,ChildOf,1076,1000,Primary,,,,,,,,,,,,,,,,,,,,,,,,,,,,,
1079,ChildOf,1076,1000,Primary,,,,,,,,,,,,,,,,,,,,,,,,,,,,,
108,,,,,1173,1000,Primary,ChildOf,20,700,,,,,,,,,,,,,,,,,,,,,,,
1080,ChildOf,1120,1000,Primary,,,,,,,,,,,,,,,,,,,,,,,,,,,,,
1082,ChildOf,1076,1000,Primary,,,,,,,,,,,,,,,,,,,,,,,,,,,,,
1083,ChildOf,1061,1000,Primary,,,,,,,,,,,,,,,,,,,,,,,,,,,,,
1084,ChildOf,405,1000,Primary,,,,,,,,,,,,,,,,,,,,,,,,,,,,,
1085,ChildOf,1078,1000,Primary,,,,,,,,,,,,,,,,,,,,,,,,,,,,,
1086,ChildOf,1093,1000,Primary,,,,,,,,,,,,,,,,,,,,,,,,,,,,,
1087,ChildOf,1076,1000,Primary,,,,,,,,,,,,,,,,,,,,,,,,,,,,,
1088,ChildOf,821,1000,Primary,,,,,,,,,,,,,,,,,,,,,,,,,,,,,
1089,ChildOf,405,1000,Primary,,,,,,,,,,,,,,,,,,,,,,,,,,,,,
109,,,,,1173,1000,Primary,ChildOf,20,700,,,,,,,,,,,,,,,,,,,,,,,
1090,ChildOf,1061,1000,Primary,,,,,,,,,,,,,,,,,,,,,,,,,,,,,
1091,,,,,772,1000,Primary,ChildOf,1076,1000,,,,,,,,,,,,,,,,,,,,,,,
1092,ChildOf,710,1000,Primary,,,,,,,,,,,,,,,,,,,,,,,,,,,,,
1093,ChildOf,710,1000,Primary,,,,,,,,,,,,,,,,,,,,,,,,,,,,,
1094,ChildOf,405,1000,Primary,,,,,,,,,,,,,,,,,,,,,,,,,,,,,
1095,ChildOf,1120,1000,Primary,,,,,,,,,,,,,,,,,,,,,,,,,,,,,
1096,,,,,820,1000,Primary,ChildOf,662,1305,ChildOf,ChildOf,662,1340,Primary,,,,,,,,,,,,,,,,,,
1097,,,,,1076,1000,Primary,ChildOf,595,1305,,,,,,,,,,,,,,,,,,,,,,,
1098,ChildOf,1076,1000,Primary,,,,,,,,,,,,,,,,,,,,,,,,,,,,,
1099,ChildOf,1078,1000,Primary,,,,,,,,,,,,,,,,,,,,,,,,,,,,,
11,ChildOf,489,1000,Primary,,,,,,,,,,,,,,,,,,,,,,,,,,,,,
110,,,,,710,1000,Primary,ChildOf,20,700,,,,,,,,,,,,,,,,,,,,,,,
1100,ChildOf,1061,1000,Primary,,,,,,,,,,,,,,,,,,,,,,,,,,,,,
1101,ChildOf,710,1000,Primary,,,,,,,,,,,,,,,,,,,,,,,,,,,,,
1102,,,,,758,1000,Primary,PeerOf,1105,1000,,,,,,,,,,,,,,,,,,,,,,,
1103,ChildOf,758,1000,Primary,,,,,,,,,,,,,,,,,,,,,,,,,,,,,
1104,ChildOf,710,1000,Primary,,,,,,,,,,,,,,,,,,,,,,,,,,,,,
1105,,,,,758,1000,Primary,ChildOf,1061,1000,,,,,,,,,,,,,,,,,,,,,,,
1106,ChildOf,1078,1000,Primary,,,,,,,,,,,,,,,,,,,,,,,,,,,,,
1107,ChildOf,1078,1000,Primary,,,,,,,,,,,,,,,,,,,,,,,,,,,,,
1108,ChildOf,1076,1000,Primary,,,,,,,,,,,,,,,,,,,,,,,,,,,,,
1109,ChildOf,1078,1000,Primary,,,,,,,,,,,,,,,,,,,,,,,,,,,,,
111,,,,,695,1000,Primary,ChildOf,20,700,,,,,,,,,,,,,,,,,,,,,,,
1110,ChildOf,1059,1000,Primary,,,,,,,,,,,,,,,,,,,,,,,,,,,,,
1111,ChildOf,1059,1000,Primary,,,,,,,,,,,,,,,,,,,,,,,,,,,,,
1112,ChildOf,1059,1000,Primary,,,,,,,,,,,,,,,,,,,,,,,,,,,,,
1113,ChildOf,1078,1000,Primary,,,,,,,,,,,,,,,,,,,,,,,,,,,,,
1114,ChildOf,1078,1000,Primary,,,,,,,,,,,,,,,,,,,,,,,,,,,,,
1115,ChildOf,1078,1000,Primary,,,,,,,,,,,,,,,,,,,,,,,,,,,,,
1116,ChildOf,1078,1000,Primary,,,,,,,,,,,,,,,,,,,,,,,,,,,,,
1117,ChildOf,1078,1000,Primary,,,,,,,,,,,,,,,,,,,,,,,,,,,,,
1118,ChildOf,1059,1000,Primary,,,,,,,,,,,,,,,,,,,,,,,,,,,,,
1119,ChildOf,1120,1000,Primary,,,,,,,,,,,,,,,,,,,,,,,,,,,,,
112,,,,,1286,1000,Primary,ChildOf,20,700,,,,,,,,,,,,,,,,,,,,,,,
1120,ChildOf,710,1000,Primary,,,,,,,,,,,,,,,,,,,,,,,,,,,,,
1121,ChildOf,1120,1000,Primary,,,,,,,,,,,,,,,,,,,,,,,,,,,,,
1122,ChildOf,1120,1000,Primary,,,,,,,,,,,,,,,,,,,,,,,,,,,,,
1123,ChildOf,1120,1000,Primary,,,,,,,,,,,,,,,,,,,,,,,,,,,,,
1124,ChildOf,1120,1000,Primary,,,,,,,,,,,,,,,,,,,,,,,,,,,,,
1125,ChildOf,1120,1000,Primary,,,,,,,,,,,,,,,,,,,,,,,,,,,,,
1126,ChildOf,710,1000,Primary,,,,,,,,,,,,,,,,,,,,,,,,,,,,,
1127,ChildOf,710,1000,Primary,,,,,,,,,,,,,,,,,,,,,,,,,,,,,
113,,,,,93,1000,Primary,CanPrecede,79,1000,ChildOf,ChildOf,20,700,Primary,,,,,,,,,,,,,,,,,,
114,,,,,73,1000,Primary,ChildOf,20,700,,,,,,,,,,,,,,,,,,,,,,,
115,ChildOf,436,1000,Primary,,,,,,,,,,,,,,,,,,,,,,,,,,,,,
116,,,,,707,1000,Primary,CanPrecede,74,1000,,,,,,,,,,,,,,,,,,,,,,,
1164,ChildOf,710,1000,Primary,,,,,,,,,,,,,,,,,,,,,,,,,,,,,
117,,,,,116,1000,Primary,ChildOf,20,700,,,,,,,,,,,,,,,,,,,,,,,
1173,ChildOf,20,1000,Primary,,,,,,,,,,,,,,,,,,,,,,,,,,,,,
1174,ChildOf,1173,1000,Primary,,,,,,,,,,,,,,,,,,,,,,,,,,,,,
1176,ChildOf,405,1000,Primary,,,,,,,,,,,,,,,,,,,,,,,,,,,,,
1177,ChildOf,710,1000,Primary,,,,,,,,,,,,,,,,,,,,,,,,,,,,,
118,ChildOf,664,1000,Primary,,,,,,,,,,,,,,,,,,,,,,,,,,,,,
1187,,,,,,,,,,,,,,,,,,,,,,,,,,,,,,,,,
1188,,,,,665,1000,Primary,ChildOf,665,1003,,,,,,,,,,,,,,,,,,,,,,,
1189,,,,,653,1000,Primary,ChildOf,668,1000,PeerOf,PeerOf,1331,1000,,,,,,,,,,,,,,,,,,,
119,,,,,118,1000,Primary,ChildOf,20,700,,,,,,,,,,,,,,,,,,,,,,,
1190,ChildOf,696,1000,Primary,,,,,,,,,,,,,,,,,,,,,,,,,,,,,
1191,ChildOf,284,1000,Primary,,,,,,,,,,,,,,,,,,,,,,,,,,,,,
1192,ChildOf,657,1000,Primary,,,,,,,,,,,,,,,,,,,,,,,,,,,,,
1193,ChildOf,696,1000,Primary,,,,,,,,,,,,,,,,,,,,,,,,,,,,,
12,ChildOf,756,1000,Primary,,,,,,,,,,,,,,,,,,,,,,,,,,,,,
120,,,,,119,1000,Primary,ChildOf,119,1003,ChildOf,ChildOf,119,1305,Primary,ChildOf,119,1340,Primary,CanPrecede,123,1000,ChildOf,20,700,Primary,,,,,,,
1204,ChildOf,330,1000,Primary,,,,,,,,,,,,,,,,,,,,,,,,,,,,,
1209,ChildOf,710,1000,Primary,,,,,,,,,,,,,,,,,,,,,,,,,,,,,
121,,,,,788,1000,Primary,ChildOf,787,1000,,,,,,,,,,,,,,,,,,,,,,,
122,,,,,788,1000,Primary,ChildOf,787,1000,,,,,,,,,,,,,,,,,,,,,,,
1220,ChildOf,284,1000,Primary,,,,,,,,,,,,,,,,,,,,,,,,,,,,,
1221,ChildOf,665,1000,Primary,,,,,,,,,,,,,,,,,,,,,,,,,,,,,
1222,ChildOf,1220,1000,Primary,,,,,,,,,,,,,,,,,,,,,,,,,,,,,
1223,ChildOf,362,1000,Primary,,,,,,,,,,,,,,,,,,,,,,,,,,,,,
1224,ChildOf,284,1000,Primary,,,,,,,,,,,,,,,,,,,,,,,,,,,,,
1229,ChildOf,664,1000,Primary,,,,,,,,,,,,,,,,,,,,,,,,,,,,,
123,,,,,787,1000,Primary,ChildOf,119,1305,ChildOf,ChildOf,119,1340,Primary,,,,,,,,,,,,,,,,,,
1230,ChildOf,285,1000,Primary,,,,,,,,,,,,,,,,,,,,,,,,,,,,,
1231,ChildOf,284,1000,Primary,,,,,,,,,,,,,,,,,,,,,,,,,,,,,
1232,ChildOf,667,1000,Primary,,,,,,,,,,,,,,,,,,,,,,,,,,,,,
1233,,,,,284,1000,Primary,ChildOf,667,1000,,,,,,,,,,,,,,,,,,,,,,,
1234,ChildOf,667,1000,Primary,,,,,,,,,,,,,,,,,,,,,,,,,,,,,
1235,ChildOf,400,1000,Primary,,,,,,,,,,,,,,,,,,,,,,,,,,,,,
1236,,,,,74,1000,Primary,ChildOf,74,1003,,,,,,,,,,,,,,,,,,,,,,,
1239,,,,,226,1000,Primary,ChildOf,226,1194,,,,,,,,,,,,,,,,,,,,,,,
124,,,,,786,1000,Primary,ChildOf,787,1000,,,,,,,,,,,,,,,,,,,,,,,
1240,ChildOf,327,1000,Primary,,,,,,,,,,,,,,,,,,,,,,,,,,,,,
1241,ChildOf,330,1000,Primary,,,,,,,,,,,,,,,,,,,,,,,,,,,,,
1242,ChildOf,284,1000,Primary,,,,,,,,,,,,,,,,,,,,,,,,,,,,,
1243,ChildOf,1263,1000,Primary,,,,,,,,,,,,,,,,,,,,,,,,,,,,,
1244,ChildOf,863,1000,Primary,,,,,,,,,,,,,,,,,,,,,,,,,,,,,
1245,ChildOf,684,1000,Primary,,,,,,,,,,,,,,,,,,,,,,,,,,,,,
1246,ChildOf,664,1000,Primary,,,,,,,,,,,,,,,,,,,,,,,,,,,,,
1247,ChildOf,703,1000,Primary,,,,,,,,,,,,,,,,,,,,,,,,,,,,,
1248,ChildOf,693,1000,Primary,,,,,,,,,,,,,,,,,,,,,,,,,,,,,
1249,ChildOf,1250,1000,Primary,,,,,,,,,,,,,,,,,,,,,,,,,,,,,
125,,,,,119,1000,Primary,ChildOf,119,1003,ChildOf,ChildOf,119,1305,Primary,ChildOf,119,1340,Primary,,,,,,,,,,,,,,
1250,ChildOf,664,1000,Primary,,,,,,,,,,,,,,,,,,,,,,,,,,,,,
1251,ChildOf,1250,1000,Primary,,,,,,,,,,,,,,,,,,,,,,,,,,,,,
1252,ChildOf,284,1000,Primary,,,,,,,,,,,,,,,,,,,,,,,,,,,,,
1253,ChildOf,693,1000,Primary,,,,,,,,,,,,,,,,,,,,,,,,,,,,,
1254,,,,,208,1000,Primary,ChildOf,697,1000,,,,,,,,,,,,,,,,,,,,,,,
1255,,,,,1300,1000,Primary,PeerOf,1259,1194,,,,,,,,,,,,,,,,,,,,,,,
1256,ChildOf,285,1000,Primary,,,,,,,,,,,,,,,,,,,,,,,,,,,,,
1257,,,,,284,1000,Primary,CanPrecede,119,1000,,,,,,,,,,,,,,,,,,,,,,,
1258,,,,,212,1000,Primary,ChildOf,200,1000,,,,,,,,,,,,,,,,,,,,,,,
1259,,,,,284,1000,Primary,ChildOf,1294,1194,,,,,,,,,,,,,,,,,,,,,,,
126,,,,,125,1000,,ChildOf,788,1000,,,,,,,,,,,,,,,,,,,,,,,
1260,,,,,284,1000,Primary,CanPrecede,119,1000,,,,,,,,,,,,,,,,,,,,,,,
1261,,,,,755,1000,Primary,PeerOf,1254,1000,,,,,,,,,,,,,,,,,,,,,,,
1262,ChildOf,284,1000,Primary,,,,,,,,,,,,,,,,,,,,,,,,,,,,,
1263,,,,,284,1000,Primary,PeerOf,1191,1000,PeerOf,PeerOf,1243,1000,,,,,,,,,,,,,,,,,,,
1264,,,,,821,1000,Primary,PeerOf,1037,1000,,,,,,,,,,,,,,,,,,,,,,,
1265,,,,,691,1000,Primary,PeerOf,663,1000,CanPrecede,CanPrecede,416,1000,,,,,,,,,,,,,,,,,,,
1266,ChildOf,404,1000,Primary,,,,,,,,,,,,,,,,,,,,,,,,,,,,,
1267,ChildOf,284,1000,Primary,,,,,,,,,,,,,,,,,,,,,,,,,,,,,
1268,ChildOf,284,1000,Primary,,,,,,,,,,,,,,,,,,,,,,,,,,,,,
1269,ChildOf,693,1000,Primary,,,,,,,,,,,,,,,,,,,,,,,,,,,,,
127,,,,,125,1000,,ChildOf,786,1000,,,,,,,,,,,,,,,,,,,,,,,
1270,,,,,284,1000,Primary,ChildOf,1294,1194,,,,,,,,,,,,,,,,,,,,,,,
1271,ChildOf,665,1000,Primary,,,,,,,,,,,,,,,,,,,,,,,,,,,,,
1272,,,,,226,1000,Primary,CanPrecede,200,1000,,,,,,,,,,,,,,,,,,,,,,,
1273,ChildOf,200,1000,Primary,,,,,,,,,,,,,,,,,,,,,,,,,,,,,
1274,ChildOf,284,1000,Primary,,,,,,,,,,,,,,,,,,,,,,,,,,,,,
1275,,,,,284,1000,Primary,CanPrecede,352,1000,,,,,,,,,,,,,,,,,,,,,,,
1276,ChildOf,284,1000,Primary,,,,,,,,,,,,,,,,,,,,,,,,,,,,,
1277,ChildOf,1329,1000,Primary,,,,,,,,,,,,,,,,,,,,,,,,,,,,,
1278,ChildOf,693,1000,Primary,,,,,,,,,,,,,,,,,,,,,,,,,,,,,
1279,ChildOf,665,1000,Primary,,,,,,,,,,,,,,,,,,,,,,,,,,,,,
128,,,,,682,1000,Primary,CanPrecede,119,1000,PeerOf,PeerOf,190,1000,,,,,,,,,,,,,,,,,,,
1280,,,,,696,1000,Primary,ChildOf,284,1000,,,,,,,,,,,,,,,,,,,,,,,
1281,ChildOf,691,1000,Primary,,,,,,,,,,,,,,,,,,,,,,,,,,,,,
1282,,,,,668,1000,Primary,CanPrecede,471,1000,,,,,,,,,,,,,,,,,,,,,,,
1283,ChildOf,284,1000,Primary,,,,,,,,,,,,,,,,,,,,,,,,,,,,,
1284,ChildOf,20,1000,Primary,,,,,,,,,,,,,,,,,,,,,,,,,,,,,
1285,ChildOf,20,1000,Primary,,,,,,,,,,,,,,,,,,,,,,,,,,,,,
1286,ChildOf,20,1000,Primary,,,,,,,,,,,,,,,,,,,,,,,,,,,,,
1287,,,,,20,1000,Primary,PeerOf,843,1000,,,,,,,,,,,,,,,,,,,,,,,
1288,ChildOf,20,1000,Primary,,,,,,,,,,,,,,,,,,,,,,,,,,,,,
1289,,,,,20,1000,Primary,PeerOf,41,1000,PeerOf,PeerOf,178,1000,Primary,,,,,,,,,,,,,,,,,,
129,,,,,1285,1000,Primary,ChildOf,20,1003,CanPrecede,CanPrecede,119,1000,,CanPrecede,823,1000,,CanPrecede,789,1000,,,,,,,,,,,
1290,,,,,284,1000,Primary,ChildOf,1294,1194,,,,,,,,,,,,,,,,,,,,,,,
1291,,,,,693,1000,Primary,PeerOf,321,1000,,,,,,,,,,,,,,,,,,,,,,,
1292,,,,,284,1000,Primary,ChildOf,1294,1194,,,,,,,,,,,,,,,,,,,,,,,
1293,,,,,345,1000,Primary,PeerOf,654,1000,,,,,,,,,,,,,,,,,,,,,,,
1294,ChildOf,284,1000,Primary,,,,,,,,,,,,,,,,,,,,,,,,,,,,,
1295,,,,,200,1000,Primary,PeerOf,209,1000,,,,,,,,,,,,,,,,,,,,,,,
1296,ChildOf,284,1000,Primary,,,,,,,,,,,,,,,,,,,,,,,,,,,,,
1297,ChildOf,285,1000,,,,,,,,,,,,,,,,,,,,,,,,,,,,,,
1298,ChildOf,362,1000,Primary,,,,,,,,,,,,,,,,,,,,,,,,,,,,,
1299,,,,,1191,1194,Primary,ChildOf,420,1000,ChildOf,ChildOf,288,1000,,,,,,,,,,,,,,,,,,,
13,ChildOf,260,1000,Primary,,,,,,,,,,,,,,,,,,,,,,,,,,,,,
130,,,,,240,1000,Primary,ChildOf,119,1305,ChildOf,ChildOf,119,1340,Primary,CanPrecede,805,1000,,,,,,,,,,,,,,,
1300,,,,,203,1000,Primary,ChildOf,203,1194,,,,,,,,,,,,,,,,,,,,,,,
1301,ChildOf,226,1000,Primary,,,,,,,,,,,,,,,,,,,,,,,,,,,,,
1302,ChildOf,1294,1000,Primary,,,,,,,,,,,,,,,,,,,,,,,,,,,,,
1303,,,,,1189,1000,Primary,ChildOf,203,1000,,,,,,,,,,,,,,,,,,,,,,,
1304,,,,,284,1000,,PeerOf,345,1000,PeerOf,PeerOf,1271,1194,,,,,,,,,,,,,,,,,,,
131,,,,,682,1000,Primary,ChildOf,682,1003,ChildOf,ChildOf,682,1305,Primary,ChildOf,682,1340,Primary,CanPrecede,119,1000,,,,,,,,,,,
1310,,,,,1329,1000,Primary,PeerOf,1277,1000,,,,,,,,,,,,,,,,,,,,,,,
1311,ChildOf,284,1000,Primary,,,,,,,,,,,,,,,,,,,,,,,,,,,,,
1312,,,,,284,1000,Primary,PeerOf,1251,1194,,,,,,,,,,,,,,,,,,,,,,,
1313,ChildOf,284,1000,Primary,,,,,,,,,,,,,,,,,,,,,,,,,,,,,
1314,,,,,862,1000,Primary,PeerOf,1299,1194,,,,,,,,,,,,,,,,,,,,,,,
1315,ChildOf,284,1000,Primary,,,,,,,,,,,,,,,,,,,,,,,,,,,,,
1316,ChildOf,284,1000,Primary,,,,,,,,,,,,,,,,,,,,,,,,,,,,,
1317,ChildOf,284,1000,Primary,,,,,,,,,,,,,,,,,,,,,,,,,,,,,
1318,ChildOf,693,1000,Primary,,,,,,,,,,,,,,,,,,,,,,,,,,,,,
1319,ChildOf,693,1000,Primary,,,,,,,,,,,,,,,,,,,,,,,,,,,,,
132,,,,,,,,,,,,,,,,,,,,,,,,,,,,,,,,,
1320,ChildOf,284,1000,Primary,,,,,,,,,,,,,,,,,,,,,,,,,,,,,
1321,,,,,915,1000,Primary,ChildOf,913,1003,CanPrecede,CanPrecede,471,1000,Primary,,,,,,,,,,,,,,,,,,
1322,,,,,834,1000,Primary,CanPrecede,835,1000,,,,,,,,,,,,,,,,,,,,,,,
1323,ChildOf,284,1000,Primary,,,,,,,,,,,,,,,,,,,,,,,,,,,,,
1324,ChildOf,300,1000,Primary,,,,,,,,,,,,,,,,,,,,,,,,,,,,,
1325,,,,,770,1000,Primary,PeerOf,789,1000,CanPrecede,CanPrecede,476,1000,,,,,,,,,,,,,,,,,,,
1326,ChildOf,693,1000,Primary,,,,,,,,,,,,,,,,,,,,,,,,,,,,,
1327,ChildOf,668,1000,Primary,,,,,,,,,,,,,,,,,,,,,,,,,,,,,
1328,,,,,285,1000,Primary,PeerOf,757,1000,,,,,,,,,,,,,,,,,,,,,,,
1329,ChildOf,664,1000,Primary,,,,,,,,,,,,,,,,,,,,,,,,,,,,,
1330,,,,,1301,1000,Primary,ChildOf,1301,1194,,,,,,,,,,,,,,,,,,,,,,,
1331,,,,,653,1000,Primary,ChildOf,668,1000,PeerOf,PeerOf,1189,1194,,,,,,,,,,,,,,,,,,,
1332,,,,,1247,1194,Primary,ChildOf,703,1000,,,,,,,,,,,,,,,,,,,,,,,
1333,,,,,407,1000,Primary,ChildOf,185,1000,,,,,,,,,,,,,,,,,,,,,,,
1334,ChildOf,284,1000,Primary,,,,,,,,,,,,,,,,,,,,,,,,,,,,,
1335,ChildOf,682,1000,Primary,,,,,,,,,,,,,,,,,,,,,,,,,,,,,
1336,ChildOf,94,1000,Primary,,,,,,,,,,,,,,,,,,,,,,,,,,,,,
1338,ChildOf,693,1000,,,,,,,,,,,,,,,,,,,,,,,,,,,,,,
1339,,,,,682,1000,Primary,PeerOf,190,1000,CanPrecede,CanPrecede,834,1000,Primary,CanPrecede,119,1000,,,,,,,,,,,,,,,
134,,,,,668,1000,Primary,ChildOf,668,1003,CanPrecede,CanPrecede,123,1000,,ChildOf,20,700,Primary,,,,,,,,,,,,,,
1341,,,,,675,1000,Primary,CanPrecede,672,1000,,,,,,,,,,,,,,,,,,,,,,,
1342,,,,,226,1000,Primary,ChildOf,226,1194,,,,,,,,,,,,,,,,,,,,,,,
135,ChildOf,682,1000,Primary,,,,,,,,,,,,,,,,,,,,,,,,,,,,,
1351,ChildOf,703,1000,Primary,,,,,,,,,,,,,,,,,,,,,,,,,,,,,
138,ChildOf,707,1000,Primary,,,,,,,,,,,,,,,,,,,,,,,,,,,,,
14,ChildOf,733,1000,Primary,,,,,,,,,,,,,,,,,,,,,,,,,,,,,
140,ChildOf,138,1000,Primary,,,,,,,,,,,,,,,,,,,,,,,,,,,,,
141,ChildOf,140,1000,Primary,,,,,,,,,,,,,,,,,,,,,,,,,,,,,
142,ChildOf,140,1000,Primary,,,,,,,,,,,,,,,,,,,,,,,,,,,,,
143,ChildOf,140,1000,Primary,,,,,,,,,,,,,,,,,,,,,,,,,,,,,
144,,,,,140,1000,Primary,CanAlsoBe,93,1000,,,,,,,,,,,,,,,,,,,,,,,
145,,,,,140,1000,Primary,CanAlsoBe,93,1000,,,,,,,,,,,,,,,,,,,,,,,
146,ChildOf,140,1000,Primary,,,,,,,,,,,,,,,,,,,,,,,,,,,,,
147,ChildOf,138,1000,Primary,,,,,,,,,,,,,,,,,,,,,,,,,,,,,
148,ChildOf,138,1000,Primary,,,,,,,,,,,,,,,,,,,,,,,,,,,,,
149,ChildOf,138,1000,Primary,,,,,,,,,,,,,,,,,,,,,,,,,,,,,
15,,,,,642,1000,Primary,ChildOf,610,1000,ChildOf,ChildOf,20,700,Primary,,,,,,,,,,,,,,,,,,
150,ChildOf,138,1000,Primary,,,,,,,,,,,,,,,,,,,,,,,,,,,,,
151,ChildOf,138,1000,Primary,,,,,,,,,,,,,,,,,,,,,,,,,,,,,
152,ChildOf,138,1000,Primary,,,,,,,,,,,,,,,,,,,,,,,,,,,,,
153,ChildOf,138,1000,Primary,,,,,,,,,,,,,,,,,,,,,,,,,,,,,
154,ChildOf,138,1000,Primary,,,,,,,,,,,,,,,,,,,,,,,,,,,,,
155,ChildOf,138,1000,Primary,,,,,,,,,,,,,,,,,,,,,,,,,,,,,
156,ChildOf,138,1000,Primary,,,,,,,,,,,,,,,,,,,,,,,,,,,,,
157,ChildOf,138,1000,Primary,,,,,,,,,,,,,,,,,,,,,,,,,,,,,
158,ChildOf,138,1000,Primary,,,,,,,,,,,,,,,,,,,,,,,,,,,,,
159,ChildOf,138,1000,Primary,,,,,,,,,,,,,,,,,,,,,,,,,,,,,
160,ChildOf,138,1000,Primary,,,,,,,,,,,,,,,,,,,,,,,,,,,,,
161,ChildOf,160,1000,Primary,,,,,,,,,,,,,,,,,,,,,,,,,,,,,
162,ChildOf,138,1000,Primary,,,,,,,,,,,,,,,,,,,,,,,,,,,,,
163,ChildOf,162,1000,Primary,,,,,,,,,,,,,,,,,,,,,,,,,,,,,
164,ChildOf,138,1000,Primary,,,,,,,,,,,,,,,,,,,,,,,,,,,,,
165,ChildOf,164,1000,Primary,,,,,,,,,,,,,,,,,,,,,,,,,,,,,
166,,,,,159,1000,Primary,ChildOf,703,1000,,,,,,,,,,,,,,,,,,,,,,,
167,,,,,159,1000,Primary,ChildOf,703,1000,,,,,,,,,,,,,,,,,,,,,,,
168,,,,,159,1000,Primary,ChildOf,703,1000,,,,,,,,,,,,,,,,,,,,,,,
170,,,,,707,1000,Primary,CanPrecede,120,1000,CanPrecede,CanPrecede,126,1000,,CanAlsoBe,147,1000,,PeerOf,464,1000,PeerOf,463,1000,,ChildOf,20,700,Primary,,,
172,,,,,707,1000,Primary,CanPrecede,22,1000,CanPrecede,CanPrecede,41,1000,,,,,,,,,,,,,,,,,,,
173,,,,,172,1000,Primary,CanPrecede,289,1000,,,,,,,,,,,,,,,,,,,,,,,
174,,,,,172,1000,,ChildOf,675,1000,,,,,,,,,,,,,,,,,,,,,,,
175,ChildOf,172,1000,Primary,,,,,,,,,,,,,,,,,,,,,,,,,,,,,
176,ChildOf,172,1000,Primary,,,,,,,,,,,,,,,,,,,,,,,,,,,,,
177,ChildOf,172,1000,Primary,,,,,,,,,,,,,,,,,,,,,,,,,,,,,
178,,,,,706,1000,Primary,ChildOf,706,1003,CanPrecede,CanPrecede,433,1000,,CanPrecede,289,1000,,,,,,,,,,,,,,,
179,,,,,20,1000,,ChildOf,696,1000,,,,,,,,,,,,,,,,,,,,,,,
180,ChildOf,179,1000,Primary,,,,,,,,,,,,,,,,,,,,,,,,,,,,,
181,ChildOf,179,1000,Primary,,,,,,,,,,,,,,,,,,,,,,,,,,,,,
182,,,,,693,1000,Primary,CanPrecede,33,1000,CanPrecede,CanPrecede,34,1000,,CanPrecede,35,1000,,,,,,,,,,,,,,,
183,,,,,697,1000,Primary,CanPrecede,434,1000,,,,,,,,,,,,,,,,,,,,,,,
184,,,,,693,1000,Primary,ChildOf,1023,1000,CanPrecede,CanPrecede,79,1000,,CanPrecede,78,1000,,CanPrecede,434,1000,CanPrecede,98,1000,,,,,,,,
185,,,,,697,1000,Primary,CanPrecede,187,1000,CanPrecede,CanPrecede,182,1000,,,,,,,,,,,,,,,,,,,
186,,,,,185,1000,Primary,CanAlsoBe,184,1000,CanAlsoBe,CanAlsoBe,183,1000,,,,,,,,,,,,,,,,,,,
187,ChildOf,1023,1000,Primary,,,,,,,,,,,,,,,,,,,,,,,,,,,,,
188,,,,,1105,1000,Primary,ChildOf,435,1000,,,,,,,,,,,,,,,,,,,,,,,
190,,,,,682,1000,Primary,ChildOf,682,1003,ChildOf,ChildOf,20,700,Primary,CanPrecede,119,1000,,,,,,,,,,,,,,,
191,,,,,682,1000,Primary,ChildOf,682,1003,,,,,,,,,,,,,,,,,,,,,,,
192,ChildOf,681,1000,Primary,,,,,,,,,,,,,,,,,,,,,,,,,,,,,
193,,,,,682,1000,Primary,ChildOf,682,1003,CanPrecede,CanPrecede,617,1000,,CanPrecede,170,1000,,CanPrecede,119,1000,,,,,,,,,,,
194,,,,,681,1000,Primary,ChildOf,681,1305,ChildOf,ChildOf,681,1340,Primary,,,,,,,,,,,,,,,,,,
195,,,,,681,1000,Primary,ChildOf,681,1305,ChildOf,ChildOf,681,1340,Primary,CanPrecede,119,1000,,,,,,,,,,,,,,,
196,,,,,681,1000,Primary,ChildOf,681,1305,ChildOf,ChildOf,681,1340,Primary,CanAlsoBe,124,1000,,CanAlsoBe,120,1000,,,,,,,,,,,
197,,,,,681,1000,Primary,ChildOf,681,1305,ChildOf,ChildOf,681,1340,Primary,CanAlsoBe,195,1000,,CanAlsoBe,196,1000,CanAlsoBe,192,1000,,CanAlsoBe,194,1000,,,,
198,ChildOf,188,1000,Primary,,,,,,,,,,,,,,,,,,,,,,,,,,,,,
20,,,,,707,1000,Primary,PeerOf,345,1000,CanPrecede,CanPrecede,22,1000,,CanPrecede,41,1000,,CanPrecede,74,1000,CanPrecede,119,1000,,CanPrecede,770,1000,,,,
200,ChildOf,668,1000,Primary,,,,,,,,,,,,,,,,,,,,,,,,,,,,,
201,,,,,200,1000,Primary,CanAlsoBe,209,1000,CanAlsoBe,CanAlsoBe,202,1000,,,,,,,,,,,,,,,,,,,
202,ChildOf,1230,1000,Primary,,,,,,,,,,,,,,,,,,,,,,,,,,,,,
203,,,,,200,1000,Primary,ChildOf,200,1003,,,,,,,,,,,,,,,,,,,,,,,
204,ChildOf,203,1000,Primary,,,,,,,,,,,,,,,,,,,,,,,,,,,,,
205,,,,,203,1000,Primary,CanPrecede,514,1000,,,,,,,,,,,,,,,,,,,,,,,
206,ChildOf,205,1000,Primary,,,,,,,,,,,,,,,,,,,,,,,,,,,,,
207,ChildOf,205,1000,Primary,,,,,,,,,,,,,,,,,,,,,,,,,,,,,
208,,,,,203,1000,Primary,CanPrecede,385,1000,CanPrecede,CanPrecede,327,1000,,,,,,,,,,,,,,,,,,,
209,,,,,200,1000,Primary,ChildOf,200,1003,ChildOf,ChildOf,755,1000,,,,,,,,,,,,,,,,,,,
210,ChildOf,209,1000,Primary,,,,,,,,,,,,,,,,,,,,,,,,,,,,,
211,ChildOf,209,1000,Primary,,,,,,,,,,,,,,,,,,,,,,,,,,,,,
212,,,,,669,1000,Primary,ChildOf,669,1003,CanPrecede,CanPrecede,201,1000,Primary,,,,,,,,,,,,,,,,,,
213,ChildOf,200,1000,Primary,,,,,,,,,,,,,,,,,,,,,,,,,,,,,
214,ChildOf,497,1000,Primary,,,,,,,,,,,,,,,,,,,,,,,,,,,,,
215,ChildOf,200,1000,Primary,,,,,,,,,,,,,,,,,,,,,,,,,,,,,
216,,,,,,,,,,,,,,,,,,,,,,,,,,,,,,,,,
217,,,,,,,,,,,,,,,,,,,,,,,,,,,,,,,,,
218,,,,,,,,,,,,,,,,,,,,,,,,,,,,,,,,,
219,ChildOf,552,1000,Primary,,,,,,,,,,,,,,,,,,,,,,,,,,,,,
22,,,,,706,1000,Primary,ChildOf,706,1003,ChildOf,ChildOf,668,1000,,,,,,,,,,,,,,,,,,,
220,ChildOf,552,1000,Primary,,,,,,,,,,,,,,,,,,,,,,,,,,,,,
221,ChildOf,664,1000,Primary,,,,,,,,,,,,,,,,,,,,,,,,,,,,,
222,ChildOf,221,1000,Primary,,,,,,,,,,,,,,,,,,,,,,,,,,,,,
223,ChildOf,221,1000,Primary,,,,,,,,,,,,,,,,,,,,,,,,,,,,,
224,ChildOf,221,1000,Primary,,,,,,,,,,,,,,,,,,,,,,,,,,,,,
225,,,,,,,,,,,,,,,,,,,,,,,,,,,,,,,,,
226,,,,,459,1000,Primary,ChildOf,212,1000,CanPrecede,CanPrecede,201,1000,,,,,,,,,,,,,,,,,,,
228,,,,,703,1000,,ChildOf,707,1000,,,,,,,,,,,,,,,,,,,,,,,
229,ChildOf,228,1000,Primary,,,,,,,,,,,,,,,,,,,,,,,,,,,,,
23,,,,,22,1000,Primary,ChildOf,22,1305,ChildOf,ChildOf,22,1340,Primary,,,,,,,,,,,,,,,,,,
230,ChildOf,229,1000,Primary,,,,,,,,,,,,,,,,,,,,,,,,,,,,,
231,,,,,229,1000,Primary,CanPrecede,120,1000,,,,,,,,,,,,,,,,,,,,,,,
232,ChildOf,229,1000,Primary,,,,,,,,,,,,,,,,,,,,,,,,,,,,,
233,ChildOf,228,1000,Primary,,,,,,,,,,,,,,,,,,,,,,,,,,,,,
234,ChildOf,233,1000,Primary,,,,,,,,,,,,,,,,,,,,,,,,,,,,,
235,ChildOf,233,1000,Primary,,,,,,,,,,,,,,,,,,,,,,,,,,,,,
236,ChildOf,233,1000,Primary,,,,,,,,,,,,,,,,,,,,,,,,,,,,,
237,ChildOf,228,1000,Primary,,,,,,,,,,,,,,,,,,,,,,,,,,,,,
238,ChildOf,237,1000,Primary,,,,,,,,,,,,,,,,,,,,,,,,,,,,,
239,,,,,237,1000,Primary,PeerOf,404,1000,,,,,,,,,,,,,,,,,,,,,,,
24,ChildOf,23,1000,Primary,,,,,,,,,,,,,,,,,,,,,,,,,,,,,
240,,,,,237,1000,Primary,ChildOf,707,1000,,,,,,,,,,,,,,,,,,,,,,,
241,ChildOf,228,1000,Primary,,,,,,,,,,,,,,,,,,,,,,,,,,,,,
242,ChildOf,1177,1000,Primary,,,,,,,,,,,,,,,,,,,,,,,,,,,,,
243,,,,,573,1000,,ChildOf,669,1000,,,,,,,,,,,,,,,,,,,,,,,
244,,,,,226,1000,Primary,CanPrecede,669,1000,,,,,,,,,,,,,,,,,,,,,,,
245,ChildOf,695,1000,Primary,,,,,,,,,,,,,,,,,,,,,,,,,,,,,
246,ChildOf,695,1000,Primary,,,,,,,,,,,,,,,,,,,,,,,,,,,,,
247,,,,,,,,,,,,,,,,,,,,,,,,,,,,,,,,,
248,,,,,705,1000,Primary,ChildOf,703,1000,ChildOf,ChildOf,703,1305,Primary,ChildOf,703,1340,Primary,,,,,,,,,,,,,,
249,,,,,,,,,,,,,,,,,,,,,,,,,,,,,,,,,
25,ChildOf,23,1000,Primary,,,,,,,,,,,,,,,,,,,,,,,,,,,,,
250,,,,,657,1000,Primary,ChildOf,269,1000,,,,,,,,,,,,,,,,,,,,,,,
252,,,,,754,1000,Primary,ChildOf,754,1003,CanPrecede,CanPrecede,476,1000,,,,,,,,,,,,,,,,,,,
253,,,,,573,1000,Primary,ChildOf,754,1000,,,,,,,,,,,,,,,,,,,,,,,
256,ChildOf,522,1000,Primary,,,,,,,,,,,,,,,,,,,,,,,,,,,,,
257,,,,,522,1000,Primary,PeerOf,259,1000,,,,,,,,,,,,,,,,,,,,,,,
258,,,,,260,1000,Primary,ChildOf,521,1000,,,,,,,,,,,,,,,,,,,,,,,
259,,,,,798,1000,Primary,ChildOf,798,1305,ChildOf,ChildOf,798,1340,Primary,PeerOf,321,1000,,PeerOf,257,1000,,,,,,,,,,,
26,ChildOf,23,1000,Primary,,,,,,,,,,,,,,,,,,,,,,,,,,,,,
260,ChildOf,522,1000,Primary,,,,,,,,,,,,,,,,,,,,,,,,,,,,,
261,,,,,287,1000,Primary,ChildOf,326,1000,,,,,,,,,,,,,,,,,,,,,,,
262,,,,,287,1000,Primary,ChildOf,404,1000,PeerOf,PeerOf,309,1000,,PeerOf,263,1000,,PeerOf,324,1000,,,,,,,,,,,
263,,,,,287,1000,Primary,ChildOf,404,1000,,,,,,,,,,,,,,,,,,,,,,,
266,,,,,269,1000,Primary,CanAlsoBe,286,1000,,,,,,,,,,,,,,,,,,,,,,,
267,ChildOf,269,1000,Primary,,,,,,,,,,,,,,,,,,,,,,,,,,,,,
268,ChildOf,269,1000,Primary,,,,,,,,,,,,,,,,,,,,,,,,,,,,,
269,ChildOf,284,1000,Primary,,,,,,,,,,,,,,,,,,,,,,,,,,,,,
27,ChildOf,23,1000,Primary,,,,,,,,,,,,,,,,,,,,,,,,,,,,,
270,ChildOf,269,1000,Primary,,,,,,,,,,,,,,,,,,,,,,,,,,,,,
271,ChildOf,269,1000,Primary,,,,,,,,,,,,,,,,,,,,,,,,,,,,,
272,ChildOf,271,1000,Primary,,,,,,,,,,,,,,,,,,,,,,,,,,,,,
273,,,,,754,1000,Primary,ChildOf,754,1003,ChildOf,ChildOf,271,1000,,PeerOf,252,1000,,,,,,,,,,,,,,,
274,,,,,703,1000,Primary,ChildOf,269,1000,PeerOf,PeerOf,271,1000,,CanAlsoBe,280,1000,,,,,,,,,,,,,,,
276,,,,,732,1000,Primary,ChildOf,732,1003,,,,,,,,,,,,,,,,,,,,,,,
277,ChildOf,732,1000,Primary,,,,,,,,,,,,,,,,,,,,,,,,,,,,,
278,ChildOf,732,1000,Primary,,,,,,,,,,,,,,,,,,,,,,,,,,,,,
279,ChildOf,732,1000,Primary,,,,,,,,,,,,,,,,,,,,,,,,,,,,,
28,ChildOf,23,1000,Primary,,,,,,,,,,,,,,,,,,,,,,,,,,,,,
280,ChildOf,755,1000,Primary,,,,,,,,,,,,,,,,,,,,,,,,,,,,,
281,,,,,732,1000,Primary,ChildOf,732,1003,,,,,,,,,,,,,,,,,,,,,,,
282,ChildOf,284,1000,Primary,,,,,,,,,,,,,,,,,,,,,,,,,,,,,
283,ChildOf,282,1000,Primary,,,,,,,,,,,,,,,,,,,,,,,,,,,,,
284,,,,,,,,,,,,,,,,,,,,,,,,,,,,,,,,,
285,,,,,284,1000,Primary,ChildOf,284,1340,,,,,,,,,,,,,,,,,,,,,,,
286,ChildOf,284,1000,Primary,,,,,,,,,,,,,,,,,,,,,,,,,,,,,
287,,,,,284,1000,Primary,ChildOf,284,1340,,,,,,,,,,,,,,,,,,,,,,,
288,,,,,287,1000,Primary,ChildOf,284,1340,PeerOf,PeerOf,420,1000,,PeerOf,425,1000,,,,,,,,,,,,,,,
289,ChildOf,287,1000,Primary,,,,,,,,,,,,,,,,,,,,,,,,,,,,,
29,ChildOf,23,1000,Primary,,,,,,,,,,,,,,,,,,,,,,,,,,,,,
290,,,,,287,1000,Primary,ChildOf,287,1003,,,,,,,,,,,,,,,,,,,,,,,
291,,,,,290,1000,Primary,ChildOf,923,1000,ChildOf,ChildOf,471,1000,,,,,,,,,,,,,,,,,,,
292,,,,,,,,,,,,,,,,,,,,,,,,,,,,,,,,,
293,ChildOf,290,1000,Primary,,,,,,,,,,,,,,,,,,,,,,,,,,,,,
294,,,,,287,1000,Primary,ChildOf,287,1003,,,,,,,,,,,,,,,,,,,,,,,
295,,,,,287,1000,Primary,ChildOf,287,1003,PeerOf,PeerOf,322,1000,,,,,,,,,,,,,,,,,,,
296,,,,,295,1000,Primary,ChildOf,573,1000,,,,,,,,,,,,,,,,,,,,,,,
297,,,,,923,1000,Primary,ChildOf,295,1000,,,,,,,,,,,,,,,,,,,,,,,
298,,,,,295,1000,Primary,ChildOf,672,1000,,,,,,,,,,,,,,,,,,,,,,,
299,,,,,295,1000,Primary,ChildOf,404,1000,,,,,,,,,,,,,,,,,,,,,,,
30,ChildOf,23,1000,Primary,,,,,,,,,,,,,,,,,,,,,,,,,,,,,
300,ChildOf,923,1000,Primary,,,,,,,,,,,,,,,,,,,,,,,,,,,,,
301,,,,,287,1000,Primary,PeerOf,327,1000,,,,,,,,,,,,,,,,,,,,,,,
302,,,,,287,1000,Primary,ChildOf,807,1000,,,,,,,,,,,,,,,,,,,,,,,
303,ChildOf,287,1000,Primary,,,,,,,,,,,,,,,,,,,,,,,,,,,,,
304,,,,,287,1000,Primary,ChildOf,573,1000,,,,,,,,,,,,,,,,,,,,,,,
305,ChildOf,287,1000,Primary,,,,,,,,,,,,,,,,,,,,,,,,,,,,,
306,,,,,287,1000,Primary,ChildOf,287,1003,,,,,,,,,,,,,,,,,,,,,,,
307,,,,,287,1000,Primary,ChildOf,287,1003,ChildOf,ChildOf,799,1000,,,,,,,,,,,,,,,,,,,
308,,,,,287,1000,Primary,ChildOf,654,1000,PeerOf,PeerOf,309,1000,,,,,,,,,,,,,,,,,,,
309,,,,,287,1000,Primary,ChildOf,654,1000,PeerOf,PeerOf,308,1000,,,,,,,,,,,,,,,,,,,
31,ChildOf,23,1000,Primary,,,,,,,,,,,,,,,,,,,,,,,,,,,,,
311,ChildOf,693,1000,Primary,,,,,,,,,,,,,,,,,,,,,,,,,,,,,
312,,,,,311,1000,Primary,ChildOf,311,1003,ChildOf,ChildOf,922,1000,,,,,,,,,,,,,,,,,,,
313,ChildOf,312,1000,Primary,,,,,,,,,,,,,,,,,,,,,,,,,,,,,
314,ChildOf,312,1000,Primary,,,,,,,,,,,,,,,,,,,,,,,,,,,,,
315,ChildOf,312,1000,Primary,,,,,,,,,,,,,,,,,,,,,,,,,,,,,
316,ChildOf,312,1000,Primary,,,,,,,,,,,,,,,,,,,,,,,,,,,,,
317,ChildOf,312,1000,Primary,,,,,,,,,,,,,,,,,,,,,,,,,,,,,
318,ChildOf,312,1000,Primary,,,,,,,,,,,,,,,,,,,,,,,,,,,,,
319,,,,,311,1000,Primary,ChildOf,311,1003,,,,,,,,,,,,,,,,,,,,,,,
32,ChildOf,23,1000,Primary,,,,,,,,,,,,,,,,,,,,,,,,,,,,,
321,,,,,798,1000,Primary,ChildOf,798,1305,ChildOf,ChildOf,798,1340,Primary,,,,,,,,,,,,,,,,,,
322,,,,,923,1000,Primary,PeerOf,295,1000,,,,,,,,,,,,,,,,,,,,,,,
323,ChildOf,344,1000,Primary,,,,,,,,,,,,,,,,,,,,,,,,,,,,,
324,,,,,672,1000,Primary,PeerOf,298,1000,,,,,,,,,,,,,,,,,,,,,,,
325,,,,,573,1000,Primary,PeerOf,358,1000,,,,,,,,,,,,,,,,,,,,,,,
326,ChildOf,693,1000,Primary,,,,,,,,,,,,,,,,,,,,,,,,,,,,,
327,,,,,693,1000,Primary,PeerOf,311,1000,,,,,,,,,,,,,,,,,,,,,,,
328,,,,,326,1000,,ChildOf,327,1000,,,,,,,,,,,,,,,,,,,,,,,
329,,,,,1204,1000,Primary,ChildOf,573,1000,,,,,,,,,,,,,,,,,,,,,,,
33,ChildOf,23,1000,Primary,,,,,,,,,,,,,,,,,,,,,,,,,,,,,
330,ChildOf,693,1000,Primary,,,,,,,,,,,,,,,,,,,,,,,,,,,,,
331,,,,,330,1000,Primary,ChildOf,330,1003,,,,,,,,,,,,,,,,,,,,,,,
332,ChildOf,331,1000,Primary,,,,,,,,,,,,,,,,,,,,,,,,,,,,,
333,,,,,331,1000,Primary,ChildOf,703,1000,,,,,,,,,,,,,,,,,,,,,,,
334,ChildOf,330,1000,Primary,,,,,,,,,,,,,,,,,,,,,,,,,,,,,
335,,,,,330,1000,Primary,ChildOf,330,1003,,,,,,,,,,,,,,,,,,,,,,,
336,ChildOf,335,1000,Primary,,,,,,,,,,,,,,,,,,,,,,,,,,,,,
337,ChildOf,335,1000,Primary,,,,,,,,,,,,,,,,,,,,,,,,,,,,,
338,,,,,330,1000,Primary,ChildOf,330,1003,,,,,,,,,,,,,,,,,,,,,,,
339,,,,,335,1000,Primary,PeerOf,341,1000,,,,,,,,,,,,,,,,,,,,,,,
34,ChildOf,23,1000,Primary,,,,,,,,,,,,,,,,,,,,,,,,,,,,,
340,ChildOf,330,1000,Primary,,,,,,,,,,,,,,,,,,,,,,,,,,,,,
341,ChildOf,340,1000,Primary,,,,,,,,,,,,,,,,,,,,,,,,,,,,,
342,ChildOf,340,1000,Primary,,,,,,,,,,,,,,,,,,,,,,,,,,,,,
343,ChildOf,340,1000,Primary,,,,,,,,,,,,,,,,,,,,,,,,,,,,,
344,ChildOf,330,1000,Primary,,,,,,,,,,,,,,,,,,,,,,,,,,,,,
345,ChildOf,693,1000,Primary,,,,,,,,,,,,,,,,,,,,,,,,,,,,,
346,,,,,345,1000,Primary,ChildOf,345,1003,ChildOf,ChildOf,284,1000,,,,,,,,,,,,,,,,,,,
347,,,,,345,1000,Primary,ChildOf,345,1003,,,,,,,,,,,,,,,,,,,,,,,
348,ChildOf,345,1000,Primary,,,,,,,,,,,,,,,,,,,,,,,,,,,,,
349,ChildOf,345,1000,Primary,,,,,,,,,,,,,,,,,,,,,,,,,,,,,
35,ChildOf,23,1000,Primary,,,,,,,,,,,,,,,,,,,,,,,,,,,,,
350,,,,,290,1000,Primary,ChildOf,923,1000,ChildOf,ChildOf,807,1000,,CanPrecede,923,1000,,,,,,,,,,,,,,,
351,,,,,345,1000,Primary,PeerOf,436,1000,,,,,,,,,,,,,,,,,,,,,,,
352,,,,,345,1000,Primary,ChildOf,345,1003,Requires,Requires,346,1000,,Requires,441,1000,,Requires,642,1000,Requires,613,1000,,,,,,,,
353,,,,,345,1000,Primary,PeerOf,354,1000,,,,,,,,,,,,,,,,,,,,,,,
354,,,,,345,1000,Primary,ChildOf,345,1003,ChildOf,ChildOf,754,1000,,PeerOf,353,1000,,,,,,,,,,,,,,,
356,ChildOf,221,1000,Primary,,,,,,,,,,,,,,,,,,,,,,,,,,,,,
357,ChildOf,693,1000,Primary,,,,,,,,,,,,,,,,,,,,,,,,,,,,,
358,,,,,573,1000,Primary,ChildOf,693,1000,CanAlsoBe,CanAlsoBe,345,1000,,CanAlsoBe,290,1000,,,,,,,,,,,,,,,
359,ChildOf,200,1000,Primary,,,,,,,,,,,,,,,,,,,,,,,,,,,,,
36,,,,,22,1000,Primary,ChildOf,22,1305,ChildOf,ChildOf,22,1340,Primary,,,,,,,,,,,,,,,,,,
360,ChildOf,345,1000,Primary,,,,,,,,,,,,,,,,,,,,,,,,,,,,,
362,ChildOf,691,1000,Primary,,,,,,,,,,,,,,,,,,,,,,,,,,,,,
363,,,,,367,1000,Primary,CanPrecede,59,1000,,,,,,,,,,,,,,,,,,,,,,,
364,,,,,362,1000,Primary,CanPrecede,415,1000,CanPrecede,CanPrecede,416,1000,,CanPrecede,123,1000,,,,,,,,,,,,,,,
365,,,,,367,1000,Primary,PeerOf,364,1000,PeerOf,PeerOf,366,1000,,,,,,,,,,,,,,,,,,,
366,,,,,362,1000,Primary,ChildOf,662,1305,ChildOf,ChildOf,662,1340,Primary,,,,,,,,,,,,,,,,,,
367,,,,,362,1000,Primary,ChildOf,362,1003,,,,,,,,,,,,,,,,,,,,,,,
368,,,,,362,1000,Primary,CanAlsoBe,364,1000,,,,,,,,,,,,,,,,,,,,,,,
369,,,,,682,1000,Primary,ChildOf,682,1003,ChildOf,ChildOf,682,1305,Primary,ChildOf,682,1340,Primary,,,,,,,,,,,,,,
37,,,,,36,1000,Primary,ChildOf,160,1000,,,,,,,,,,,,,,,,,,,,,,,
370,,,,,299,1000,Primary,PeerOf,296,1000,PeerOf,PeerOf,297,1000,,PeerOf,298,1000,,,,,,,,,,,,,,,
372,ChildOf,664,1000,Primary,,,,,,,,,,,,,,,,,,,,,,,,,,,,,
373,,,,,,,,,,,,,,,,,,,,,,,,,,,,,,,,,
374,ChildOf,668,1000,Primary,,,,,,,,,,,,,,,,,,,,,,,,,,,,,
375,ChildOf,668,1000,Primary,,,,,,,,,,,,,,,,,,,,,,,,,,,,,
377,ChildOf,668,1000,Primary,,,,,,,,,,,,,,,,,,,,,,,,,,,,,
378,ChildOf,377,1000,Primary,,,,,,,,,,,,,,,,,,,,,,,,,,,,,
379,ChildOf,377,1000,Primary,,,,,,,,,,,,,,,,,,,,,,,,,,,,,
38,ChildOf,36,1000,Primary,,,,,,,,,,,,,,,,,,,,,,,,,,,,,
382,ChildOf,705,1000,Primary,,,,,,,,,,,,,,,,,,,,,,,,,,,,,
383,ChildOf,695,1000,Primary,,,,,,,,,,,,,,,,,,,,,,,,,,,,,
384,,,,,610,1000,Primary,ChildOf,610,1003,Requires,Requires,346,1000,,Requires,472,1000,,Requires,441,1000,,,,,,,,,,,
385,ChildOf,514,1000,Primary,,,,,,,,,,,,,,,,,,,,,,,,,,,,,
386,,,,,706,1000,Primary,PeerOf,367,1000,PeerOf,PeerOf,610,1000,,PeerOf,486,1000,,,,,,,,,,,,,,,
39,ChildOf,36,1000,Primary,,,,,,,,,,,,,,,,,,,,,,,,,,,,,
390,,,,,755,1000,Primary,CanPrecede,401,1000,,,,,,,,,,,,,,,,,,,,,,,
391,,,,,754,1000,Primary,ChildOf,703,1305,ChildOf,ChildOf,703,1340,Primary,,,,,,,,,,,,,,,,,,
392,,,,,684,1000,Primary,ChildOf,703,1000,ChildOf,ChildOf,703,1305,Primary,ChildOf,703,1340,Primary,,,,,,,,,,,,,,
393,,,,,684,1000,Primary,ChildOf,703,1000,,,,,,,,,,,,,,,,,,,,,,,
394,ChildOf,754,1000,Primary,,,,,,,,,,,,,,,,,,,,,,,,,,,,,
395,,,,,705,1000,Primary,ChildOf,755,1000,,,,,,,,,,,,,,,,,,,,,,,
396,,,,,705,1000,Primary,ChildOf,755,1000,ChildOf,ChildOf,221,1000,,,,,,,,,,,,,,,,,,,
397,,,,,705,1000,Primary,ChildOf,221,1000,ChildOf,ChildOf,703,1000,,,,,,,,,,,,,,,,,,,
40,ChildOf,36,1000,Primary,,,,,,,,,,,,,,,,,,,,,,,,,,,,,
400,ChildOf,664,1000,Primary,,,,,,,,,,,,,,,,,,,,,,,,,,,,,
401,,,,,772,1000,Primary,ChildOf,404,1003,ChildOf,ChildOf,404,1305,Primary,,,,,,,,,,,,,,,,,,
402,ChildOf,668,1000,Primary,,,,,,,,,,,,,,,,,,,,,,,,,,,,,
403,ChildOf,402,1000,Primary,,,,,,,,,,,,,,,,,,,,,,,,,,,,,
404,,,,,664,1000,Primary,PeerOf,405,1000,CanPrecede,CanPrecede,619,1000,,,,,,,,,,,,,,,,,,,
405,ChildOf,664,1000,Primary,,,,,,,,,,,,,,,,,,,,,,,,,,,,,
406,ChildOf,405,1000,Primary,,,,,,,,,,,,,,,,,,,,,,,,,,,,,
407,ChildOf,405,1000,Primary,,,,,,,,,,,,,,,,,,,,,,,,,,,,,
408,,,,,405,1000,,ChildOf,696,1000,,,,,,,,,,,,,,,,,,,,,,,
409,ChildOf,405,1000,Primary,,,,,,,,,,,,,,,,,,,,,,,,,,,,,
41,ChildOf,706,1000,Primary,,,,,,,,,,,,,,,,,,,,,,,,,,,,,
410,,,,,664,1000,Primary,CanPrecede,400,1000,,,,,,,,,,,,,,,,,,,,,,,
412,,,,,667,1000,Primary,CanAlsoBe,410,1000,,,,,,,,,,,,,,,,,,,,,,,
413,ChildOf,667,1000,Primary,,,,,,,,,,,,,,,,,,,,,,,,,,,,,
414,ChildOf,667,1000,Primary,,,,,,,,,,,,,,,,,,,,,,,,,,,,,
415,,,,,825,1000,Primary,ChildOf,1341,1000,ChildOf,ChildOf,672,1003,Primary,ChildOf,672,1305,Primary,ChildOf,672,1340,ChildOf,666,1000,,PeerOf,416,1000,,PeerOf,123,1000
416,,,,,825,1000,Primary,ChildOf,672,1003,ChildOf,ChildOf,672,1305,Primary,ChildOf,672,1340,Primary,CanPrecede,120,1000,CanPrecede,123,1000,,,,,,,,
419,ChildOf,923,1000,Primary,,,,,,,,,,,,,,,,,,,,,,,,,,,,,
42,,,,,41,1000,Primary,ChildOf,162,1000,,,,,,,,,,,,,,,,,,,,,,,
420,ChildOf,923,1000,Primary,,,,,,,,,,,,,,,,,,,,,,,,,,,,,
421,,,,,420,1000,Primary,ChildOf,362,1000,,,,,,,,,,,,,,,,,,,,,,,
422,,,,,420,1000,Primary,ChildOf,360,1000,,,,,,,,,,,,,,,,,,,,,,,
423,,,,,,,,,,,,,,,,,,,,,,,,,,,,,,,,,
424,,,,,693,1000,,ChildOf,638,1000,,,,,,,,,,,,,,,,,,,,,,,
425,,,,,862,1000,Primary,ChildOf,862,1003,ChildOf,ChildOf,288,1000,,ChildOf,424,1000,,CanPrecede,471,1000,CanPrecede,98,1000,,,,,,,,
426,,,,,642,1000,Primary,ChildOf,668,1003,ChildOf,ChildOf,673,1000,,PeerOf,427,1000,,PeerOf,428,1000,,,,,,,,,,,
427,,,,,668,1000,Primary,ChildOf,668,1003,,,,,,,,,,,,,,,,,,,,,,,
428,,,,,668,1000,Primary,ChildOf,668,1003,,,,,,,,,,,,,,,,,,,,,,,
43,,,,,42,1000,Primary,ChildOf,163,1000,,,,,,,,,,,,,,,,,,,,,,,
430,,,,,691,1000,Primary,CanPrecede,433,1000,PeerOf,PeerOf,434,1000,,,,,,,,,,,,,,,,,,,
431,,,,,691,1000,Primary,CanPrecede,433,1000,,,,,,,,,,,,,,,,,,,,,,,
432,ChildOf,364,1000,Primary,,,,,,,,,,,,,,,,,,,,,,,,,,,,,
433,ChildOf,219,1000,Primary,,,,,,,,,,,,,,,,,,,,,,,,,,,,,
434,,,,,669,1000,Primary,ChildOf,669,1003,PeerOf,PeerOf,351,1000,,PeerOf,436,1000,,PeerOf,430,1000,,,,,,,,,,,
435,,,,,,,,,,,,,,,,,,,,,,,,,,,,,,,,,
436,ChildOf,435,1000,Primary,,,,,,,,,,,,,,,,,,,,,,,,,,,,,
437,ChildOf,436,1000,Primary,,,,,,,,,,,,,,,,,,,,,,,,,,,,,
439,ChildOf,435,1000,Primary,,,,,,,,,,,,,,,,,,,,,,,,,,,,,
44,ChildOf,41,1000,Primary,,,,,,,,,,,,,,,,,,,,,,,,,,,,,
440,ChildOf,684,1000,Primary,,,,,,,,,,,,,,,,,,,,,,,,,,,,,
441,,,,,610,1000,Primary,CanPrecede,668,1000,,,,,,,,,,,,,,,,,,,,,,,
443,,,,,,,,,,,,,,,,,,,,,,,,,,,,,,,,,
444,,,,,436,1000,Primary,ChildOf,436,1003,,,,,,,,,,,,,,,,,,,,,,,
446,ChildOf,684,1000,Primary,,,,,,,,,,,,,,,,,,,,,,,,,,,,,
447,,,,,446,1000,,ChildOf,671,1000,,,,,,,,,,,,,,,,,,,,,,,
448,ChildOf,446,1000,Primary,,,,,,,,,,,,,,,,,,,,,,,,,,,,,
449,ChildOf,446,1000,Primary,,,,,,,,,,,,,,,,,,,,,,,,,,,,,
45,,,,,44,1000,Primary,ChildOf,165,1000,,,,,,,,,,,,,,,,,,,,,,,
450,ChildOf,357,1000,Primary,,,,,,,,,,,,,,,,,,,,,,,,,,,,,
451,,,,,684,1000,Primary,ChildOf,221,1000,PeerOf,PeerOf,346,1000,,,,,,,,,,,,,,,,,,,
453,ChildOf,1188,1000,Primary,,,,,,,,,,,,,,,,,,,,,,,,,,,,,
454,,,,,665,1000,Primary,CanAlsoBe,456,1000,,,,,,,,,,,,,,,,,,,,,,,
455,,,,,665,1000,,ChildOf,705,1000,ChildOf,ChildOf,636,1000,,,,,,,,,,,,,,,,,,,
456,,,,,909,1000,Primary,ChildOf,665,1305,ChildOf,ChildOf,665,1340,Primary,CanPrecede,89,1000,,CanPrecede,120,1000,CanPrecede,98,1000,,CanPrecede,457,1000,,,,
457,,,,,908,1000,Primary,ChildOf,665,1305,ChildOf,ChildOf,665,1340,Primary,,,,,,,,,,,,,,,,,,
458,,,,,,,,,,,,,,,,,,,,,,,,,,,,,,,,,
459,,,,,404,1000,Primary,ChildOf,404,1003,,,,,,,,,,,,,,,,,,,,,,,
46,,,,,41,1000,Primary,ChildOf,162,1000,CanPrecede,CanPrecede,289,1000,,,,,,,,,,,,,,,,,,,
460,,,,,459,1000,Primary,ChildOf,755,1000,,,,,,,,,,,,,,,,,,,,,,,
462,ChildOf,694,1000,Primary,,,,,,,,,,,,,,,,,,,,,,,,,,,,,
463,,,,,707,1000,Primary,PeerOf,464,1000,,,,,,,,,,,,,,,,,,,,,,,
464,ChildOf,138,1000,Primary,,,,,,,,,,,,,,,,,,,,,,,,,,,,,
466,,,,,119,1000,Primary,ChildOf,20,700,,,,,,,,,,,,,,,,,,,,,,,
467,,,,,682,1000,Primary,CanPrecede,131,1000,,,,,,,,,,,,,,,,,,,,,,,
468,ChildOf,682,1000,Primary,,,,,,,,,,,,,,,,,,,,,,,,,,,,,
469,ChildOf,682,1000,Primary,,,,,,,,,,,,,,,,,,,,,,,,,,,,,
47,ChildOf,41,1000,Primary,,,,,,,,,,,,,,,,,,,,,,,,,,,,,
470,,,,,913,1000,Primary,ChildOf,913,1003,ChildOf,ChildOf,610,1000,,ChildOf,20,700,Primary,,,,,,,,,,,,,,
471,ChildOf,664,1000,Primary,,,,,,,,,,,,,,,,,,,,,,,,,,,,,
472,,,,,642,1000,Primary,ChildOf,471,1000,,,,,,,,,,,,,,,,,,,,,,,
473,,,,,471,1000,Primary,CanPrecede,98,1000,,,,,,,,,,,,,,,,,,,,,,,
474,ChildOf,758,1000,Primary,,,,,,,,,,,,,,,,,,,,,,,,,,,,,
475,ChildOf,573,1000,Primary,,,,,,,,,,,,,,,,,,,,,,,,,,,,,
476,,,,,710,1000,Primary,ChildOf,754,1000,ChildOf,ChildOf,754,1003,Primary,,,,,,,,,,,,,,,,,,
477,ChildOf,710,1000,Primary,,,,,,,,,,,,,,,,,,,,,,,,,,,,,
478,ChildOf,1023,1000,Primary,,,,,,,,,,,,,,,,,,,,,,,,,,,,,
479,,,,,828,1000,Primary,ChildOf,663,1000,CanPrecede,CanPrecede,123,1000,,,,,,,,,,,,,,,,,,,
48,ChildOf,41,1000,Primary,,,,,,,,,,,,,,,,,,,,,,,,,,,,,
480,ChildOf,670,1000,Primary,,,,,,,,,,,,,,,,,,,,,,,,,,,,,
481,,,,,480,1000,Primary,CanPrecede,697,1000,,,,,,,,,,,,,,,,,,,,,,,
482,ChildOf,480,1000,Primary,,,,,,,,,,,,,,,,,,,,,,,,,,,,,
483,ChildOf,670,1000,Primary,,,,,,,,,,,,,,,,,,,,,,,,,,,,,
484,,,,,710,1000,Primary,ChildOf,670,1000,,,,,,,,,,,,,,,,,,,,,,,
486,ChildOf,1025,1000,Primary,,,,,,,,,,,,,,,,,,,,,,,,,,,,,
487,ChildOf,664,1000,Primary,,,,,,,,,,,,,,,,,,,,,,,,,,,,,
488,ChildOf,668,1000,Primary,,,,,,,,,,,,,,,,,,,,,,,,,,,,,
489,,,,,710,1000,Primary,CanPrecede,215,1000,,,,,,,,,,,,,,,,,,,,,,,
49,,,,,41,1000,Primary,ChildOf,162,1000,,,,,,,,,,,,,,,,,,,,,,,
491,ChildOf,668,1000,Primary,,,,,,,,,,,,,,,,,,,,,,,,,,,,,
492,ChildOf,668,1000,Primary,,,,,,,,,,,,,,,,,,,,,,,,,,,,,
493,ChildOf,668,1000,Primary,,,,,,,,,,,,,,,,,,,,,,,,,,,,,
494,,,,,345,1000,Primary,ChildOf,669,1000,ChildOf,ChildOf,669,1003,Primary,PeerOf,79,1000,,,,,,,,,,,,,,,
495,ChildOf,664,1000,Primary,,,,,,,,,,,,,,,,,,,,,,,,,,,,,
496,ChildOf,664,1000,Primary,,,,,,,,,,,,,,,,,,,,,,,,,,,,,
497,ChildOf,200,1000,Primary,,,,,,,,,,,,,,,,,,,,,,,,,,,,,
498,,,,,668,1000,Primary,CanPrecede,200,1000,,,,,,,,,,,,,,,,,,,,,,,
499,,,,,668,1000,Primary,CanPrecede,200,1000,,,,,,,,,,,,,,,,,,,,,,,
5,ChildOf,319,1000,Primary,,,,,,,,,,,,,,,,,,,,,,,,,,,,,
50,,,,,41,1000,Primary,ChildOf,161,1000,,,,,,,,,,,,,,,,,,,,,,,
500,ChildOf,493,1000,Primary,,,,,,,,,,,,,,,,,,,,,,,,,,,,,
501,ChildOf,664,1000,Primary,,,,,,,,,,,,,,,,,,,,,,,,,,,,,
502,,,,,913,1000,Primary,ChildOf,913,1003,PeerOf,PeerOf,915,1000,,,,,,,,,,,,,,,,,,,
506,ChildOf,710,1000,Primary,,,,,,,,,,,,,,,,,,,,,,,,,,,,,
507,ChildOf,506,1000,Primary,,,,,,,,,,,,,,,,,,,,,,,,,,,,,
508,ChildOf,507,1000,Primary,,,,,,,,,,,,,,,,,,,,,,,,,,,,,
509,ChildOf,507,1000,Primary,,,,,,,,,,,,,,,,,,,,,,,,,,,,,
51,ChildOf,41,1000,Primary,,,,,,,,,,,,,,,,,,,,,,,,,,,,,
510,ChildOf,506,1000,Primary,,,,,,,,,,,,,,,,,,,,,,,,,,,,,
511,ChildOf,506,1000,Primary,,,,,,,,,,,,,,,,,,,,,,,,,,,,,
512,ChildOf,506,1000,Primary,,,,,,,,,,,,,,,,,,,,,,,,,,,,,
514,ChildOf,1229,1000,Primary,,,,,,,,,,,,,,,,,,,,,,,,,,,,,
515,ChildOf,514,1000,Primary,,,,,,,,,,,,,,,,,,,,,,,,,,,,,
516,,,,,,,,,,,,,,,,,,,,,,,,,,,,,,,,,
52,,,,,41,1000,Primary,ChildOf,163,1000,CanPrecede,CanPrecede,289,1000,,,,,,,,,,,,,,,,,,,
520,ChildOf,266,1000,Primary,,,,,,,,,,,,,,,,,,,,,,,,,,,,,
521,,,,,287,1000,Primary,ChildOf,287,1003,,,,,,,,,,,,,,,,,,,,,,,
522,,,,,287,1000,Primary,ChildOf,287,1003,ChildOf,ChildOf,668,1000,,,,,,,,,,,,,,,,,,,
523,,,,,522,1000,Primary,CanAlsoBe,312,1000,,,,,,,,,,,,,,,,,,,,,,,
524,ChildOf,668,1000,Primary,,,,,,,,,,,,,,,,,,,,,,,,,,,,,
525,ChildOf,524,1000,Primary,,,,,,,,,,,,,,,,,,,,,,,,,,,,,
526,ChildOf,497,1000,Primary,,,,,,,,,,,,,,,,,,,,,,,,,,,,,
527,ChildOf,552,1000,Primary,,,,,,,,,,,,,,,,,,,,,,,,,,,,,
528,ChildOf,552,1000,Primary,,,,,,,,,,,,,,,,,,,,,,,,,,,,,
529,ChildOf,552,1000,Primary,,,,,,,,,,,,,,,,,,,,,,,,,,,,,
53,,,,,41,1000,Primary,ChildOf,165,1000,,,,,,,,,,,,,,,,,,,,,,,
530,ChildOf,552,1000,Primary,,,,,,,,,,,,,,,,,,,,,,,,,,,,,
531,ChildOf,540,1000,Primary,,,,,,,,,,,,,,,,,,,,,,,,,,,,,
532,,,,,538,1000,Primary,ChildOf,200,1003,,,,,,,,,,,,,,,,,,,,,,,
533,,,,,,,,,,,,,,,,,,,,,,,,,,,,,,,,,
534,,,,,,,,,,,,,,,,,,,,,,,,,,,,,,,,,
535,ChildOf,211,1000,Primary,,,,,,,,,,,,,,,,,,,,,,,,,,,,,
536,ChildOf,211,1000,Primary,,,,,,,,,,,,,,,,,,,,,,,,,,,,,
537,ChildOf,211,1000,Primary,,,,,,,,,,,,,,,,,,,,,,,,,,,,,
538,ChildOf,200,1000,Primary,,,,,,,,,,,,,,,,,,,,,,,,,,,,,
539,ChildOf,552,1000,Primary,,,,,,,,,,,,,,,,,,,,,,,,,,,,,
54,,,,,41,1000,Primary,ChildOf,162,1000,,,,,,,,,,,,,,,,,,,,,,,
540,ChildOf,538,1000,Primary,,,,,,,,,,,,,,,,,,,,,,,,,,,,,
541,ChildOf,540,1000,Primary,,,,,,,,,,,,,,,,,,,,,,,,,,,,,
542,,,,,,,,,,,,,,,,,,,,,,,,,,,,,,,,,
543,,,,,820,1000,Primary,ChildOf,662,1305,ChildOf,ChildOf,662,1340,Primary,,,,,,,,,,,,,,,,,,
544,ChildOf,755,1000,Primary,,,,,,,,,,,,,,,,,,,,,,,,,,,,,
545,,,,,,,,,,,,,,,,,,,,,,,,,,,,,,,,,
546,ChildOf,1078,1000,Primary,,,,,,,,,,,,,,,,,,,,,,,,,,,,,
547,ChildOf,1078,1000,Primary,,,,,,,,,,,,,,,,,,,,,,,,,,,,,
548,ChildOf,497,1000,Primary,,,,,,,,,,,,,,,,,,,,,,,,,,,,,
549,ChildOf,522,1000,Primary,,,,,,,,,,,,,,,,,,,,,,,,,,,,,
55,ChildOf,41,1000,Primary,,,,,,,,,,,,,,,,,,,,,,,,,,,,,
550,ChildOf,209,1000,Primary,,,,,,,,,,,,,,,,,,,,,,,,,,,,,
551,,,,,863,1000,Primary,ChildOf,696,1000,,,,,,,,,,,,,,,,,,,,,,,
552,,,,,668,1000,Primary,ChildOf,668,1003,ChildOf,ChildOf,285,1000,,,,,,,,,,,,,,,,,,,
553,ChildOf,552,1000,Primary,,,,,,,,,,,,,,,,,,,,,,,,,,,,,
554,ChildOf,1173,1000,Primary,,,,,,,,,,,,,,,,,,,,,,,,,,,,,
555,ChildOf,260,1000,Primary,,,,,,,,,,,,,,,,,,,,,,,,,,,,,
556,ChildOf,266,1000,Primary,,,,,,,,,,,,,,,,,,,,,,,,,,,,,
558,ChildOf,663,1000,Primary,,,,,,,,,,,,,,,,,,,,,,,,,,,,,
56,,,,,41,1000,Primary,ChildOf,155,1000,,,,,,,,,,,,,,,,,,,,,,,
560,ChildOf,687,1000,Primary,,,,,,,,,,,,,,,,,,,,,,,,,,,,,
561,ChildOf,1164,1000,Primary,,,,,,,,,,,,,,,,,,,,,,,,,,,,,
562,,,,,758,1000,Primary,CanPrecede,672,1000,CanPrecede,CanPrecede,825,1000,,,,,,,,,,,,,,,,,,,
563,ChildOf,1164,1000,Primary,,,,,,,,,,,,,,,,,,,,,,,,,,,,,
564,,,,,89,1000,Primary,ChildOf,89,928,ChildOf,ChildOf,89,1305,Primary,,,,,,,,,,,,,,,,,,
565,,,,,642,1000,Primary,ChildOf,669,1003,ChildOf,ChildOf,602,1000,,,,,,,,,,,,,,,,,,,
566,ChildOf,639,1000,Primary,,,,,,,,,,,,,,,,,,,,,,,,,,,,,
567,,,,,820,1000,Primary,ChildOf,662,1305,ChildOf,ChildOf,662,1340,Primary,CanPrecede,488,1000,,,,,,,,,,,,,,,
568,,,,,573,1000,,ChildOf,459,1000,,,,,,,,,,,,,,,,,,,,,,,
57,ChildOf,41,1000,Primary,,,,,,,,,,,,,,,,,,,,,,,,,,,,,
570,,,,,710,1000,Primary,CanPrecede,561,1000,,,,,,,,,,,,,,,,,,,,,,,
571,,,,,710,1000,Primary,CanPrecede,561,1000,,,,,,,,,,,,,,,,,,,,,,,
572,ChildOf,821,1000,Primary,,,,,,,,,,,,,,,,,,,,,,,,,,,,,
573,ChildOf,710,1000,Primary,,,,,,,,,,,,,,,,,,,,,,,,,,,,,
574,,,,,695,1000,,ChildOf,821,1000,,,,,,,,,,,,,,,,,,,,,,,
575,ChildOf,695,1000,Primary,,,,,,,,,,,,,,,,,,,,,,,,,,,,,
576,ChildOf,695,1000,Primary,,,,,,,,,,,,,,,,,,,,,,,,,,,,,
577,ChildOf,573,1000,Primary,,,,,,,,,,,,,,,,,,,,,,,,,,,,,
578,ChildOf,573,1000,Primary,,,,,,,,,,,,,,,,,,,,,,,,,,,,,
579,ChildOf,573,1000,Primary,,,,,,,,,,,,,,,,,,,,,,,,,,,,,
58,ChildOf,41,1000,Primary,,,,,,,,,,,,,,,,,,,,,,,,,,,,,
580,,,,,664,1000,Primary,ChildOf,573,1000,,,,,,,,,,,,,,,,,,,,,,,
581,,,,,573,1000,Primary,ChildOf,697,1000,,,,,,,,,,,,,,,,,,,,,,,
582,ChildOf,668,1000,Primary,,,,,,,,,,,,,,,,,,,,,,,,,,,,,
583,ChildOf,668,1000,Primary,,,,,,,,,,,,,,,,,,,,,,,,,,,,,
584,ChildOf,705,1000,Primary,,,,,,,,,,,,,,,,,,,,,,,,,,,,,
585,ChildOf,1071,1000,Primary,,,,,,,,,,,,,,,,,,,,,,,,,,,,,
586,ChildOf,1076,1000,Primary,,,,,,,,,,,,,,,,,,,,,,,,,,,,,
587,,,,,344,1000,,ChildOf,758,1000,,,,,,,,,,,,,,,,,,,,,,,
588,,,,,704,1000,Primary,ChildOf,758,1000,,,,,,,,,,,,,,,,,,,,,,,
589,ChildOf,474,1000,Primary,,,,,,,,,,,,,,,,,,,,,,,,,,,,,
59,,,,,706,1000,Primary,ChildOf,706,1003,,,,,,,,,,,,,,,,,,,,,,,
590,,,,,762,1000,Primary,CanPrecede,123,1000,,,,,,,,,,,,,,,,,,,,,,,
591,ChildOf,413,1000,Primary,,,,,,,,,,,,,,,,,,,,,,,,,,,,,
592,,,,,,,,,,,,,,,,,,,,,,,,,,,,,,,,,
593,,,,,666,1000,Primary,ChildOf,287,1000,,,,,,,,,,,,,,,,,,,,,,,
594,ChildOf,710,1000,Primary,,,,,,,,,,,,,,,,,,,,,,,,,,,,,
595,ChildOf,1025,1000,Primary,,,,,,,,,,,,,,,,,,,,,,,,,,,,,
596,,,,,,,,,,,,,,,,,,,,,,,,,,,,,,,,,
597,,,,,595,1000,Primary,ChildOf,595,1305,ChildOf,ChildOf,480,1000,,,,,,,,,,,,,,,,,,,
598,ChildOf,201,1000,Primary,,,,,,,,,,,,,,,,,,,,,,,,,,,,,
599,ChildOf,295,1000,Primary,,,,,,,,,,,,,,,,,,,,,,,,,,,,,
6,ChildOf,334,1000,Primary,,,,,,,,,,,,,,,,,,,,,,,,,,,,,
600,,,,,248,1000,Primary,CanPrecede,209,1000,PeerOf,PeerOf,390,1000,,,,,,,,,,,,,,,,,,,
601,,,,,610,1000,Primary,ChildOf,610,1003,,,,,,,,,,,,,,,,,,,,,,,
602,,,,,669,1000,Primary,ChildOf,693,1000,CanPrecede,CanPrecede,471,1000,,PeerOf,290,1000,,PeerOf,300,1000,,,,,,,,,,,
603,,,,,602,1000,Primary,ChildOf,287,1000,PeerOf,PeerOf,300,1000,,PeerOf,656,1000,,,,,,,,,,,,,,,
605,,,,,675,1000,Primary,ChildOf,666,1000,,,,,,,,,,,,,,,,,,,,,,,
606,,,,,1284,1000,Primary,CanPrecede,834,1000,,,,,,,,,,,,,,,,,,,,,,,
607,ChildOf,471,1000,Primary,,,,,,,,,,,,,,,,,,,,,,,,,,,,,
608,ChildOf,668,1000,Primary,,,,,,,,,,,,,,,,,,,,,,,,,,,,,
609,,,,,667,1000,Primary,CanPrecede,367,1000,,,,,,,,,,,,,,,,,,,,,,,
61,,,,,59,1000,Primary,Requires,362,1000,Requires,Requires,340,1000,,Requires,386,1000,,Requires,732,1000,,,,,,,,,,,
610,ChildOf,664,1000,Primary,,,,,,,,,,,,,,,,,,,,,,,,,,,,,
611,,,,,610,1000,Primary,ChildOf,610,1003,PeerOf,PeerOf,441,1000,,,,,,,,,,,,,,,,,,,
612,ChildOf,1230,1000,Primary,,,,,,,,,,,,,,,,,,,,,,,,,,,,,
613,,,,,672,1000,Primary,ChildOf,672,1003,CanPrecede,CanPrecede,287,1000,,,,,,,,,,,,,,,,,,,
614,ChildOf,311,1000,Primary,,,,,,,,,,,,,,,,,,,,,,,,,,,,,
615,,,,,540,1000,Primary,PeerOf,546,1000,,,,,,,,,,,,,,,,,,,,,,,
616,,,,,345,1000,Primary,PeerOf,473,1000,,,,,,,,,,,,,,,,,,,,,,,
617,,,,,670,1000,Primary,ChildOf,670,1003,,,,,,,,,,,,,,,,,,,,,,,
618,ChildOf,749,1000,Primary,,,,,,,,,,,,,,,,,,,,,,,,,,,,,
619,ChildOf,402,1000,Primary,,,,,,,,,,,,,,,,,,,,,,,,,,,,,
62,ChildOf,59,1000,Primary,,,,,,,,,,,,,,,,,,,,,,,,,,,,,
620,ChildOf,287,1000,Primary,,,,,,,,,,,,,,,,,,,,,,,,,,,,,
621,,,,,914,1000,Primary,CanPrecede,471,1000,,,,,,,,,,,,,,,,,,,,,,,
622,ChildOf,20,1000,Primary,,,,,,,,,,,,,,,,,,,,,,,,,,,,,
623,,,,,267,1000,Primary,ChildOf,691,1000,PeerOf,PeerOf,618,1000,,,,,,,,,,,,,,,,,,,
624,,,,,77,1000,Primary,ChildOf,77,1305,ChildOf,ChildOf,77,1340,Primary,,,,,,,,,,,,,,,,,,
625,,,,,185,1000,Primary,PeerOf,187,1000,PeerOf,PeerOf,184,1000,,PeerOf,183,1000,,,,,,,,,,,,,,,
626,,,,,147,1000,Primary,ChildOf,436,1000,,,,,,,,,,,,,,,,,,,,,,,
627,,,,,914,1000,Primary,PeerOf,183,1000,,,,,,,,,,,,,,,,,,,,,,,
628,ChildOf,573,1000,Primary,,,,,,,,,,,,,,,,,,,,,,,,,,,,,
636,,,,,657,1000,Primary,ChildOf,755,1000,PeerOf,PeerOf,280,1000,,,,,,,,,,,,,,,,,,,
637,ChildOf,657,1000,Primary,,,,,,,,,,,,,,,,,,,,,,,,,,,,,
638,,,,,657,1000,Primary,ChildOf,862,1000,,,,,,,,,,,,,,,,,,,,,,,
639,,,,,863,1000,Primary,ChildOf,863,1003,ChildOf,ChildOf,284,1340,Primary,,,,,,,,,,,,,,,,,,
64,ChildOf,59,1000,Primary,,,,,,,,,,,,,,,,,,,,,,,,,,,,,
640,,,,,287,1000,Primary,ChildOf,287,1003,,,,,,,,,,,,,,,,,,,,,,,
641,ChildOf,99,1000,Primary,,,,,,,,,,,,,,,,,,,,,,,,,,,,,
642,ChildOf,668,1000,Primary,,,,,,,,,,,,,,,,,,,,,,,,,,,,,
643,,,,,943,1000,Primary,ChildOf,91,1000,,,,,,,,,,,,,,,,,,,,,,,
644,ChildOf,116,1000,Primary,,,,,,,,,,,,,,,,,,,,,,,,,,,,,
645,ChildOf,287,1000,Primary,,,,,,,,,,,,,,,,,,,,,,,,,,,,,
646,ChildOf,345,1000,Primary,,,,,,,,,,,,,,,,,,,,,,,,,,,,,
647,ChildOf,863,1000,Primary,,,,,,,,,,,,,,,,,,,,,,,,,,,,,
648,ChildOf,269,1000,Primary,,,,,,,,,,,,,,,,,,,,,,,,,,,,,
649,ChildOf,345,1000,Primary,,,,,,,,,,,,,,,,,,,,,,,,,,,,,
65,ChildOf,59,1000,Primary,,,,,,,,,,,,,,,,,,,,,,,,,,,,,
650,ChildOf,436,1000,Primary,,,,,,,,,,,,,,,,,,,,,,,,,,,,,
651,ChildOf,538,1000,Primary,,,,,,,,,,,,,,,,,,,,,,,,,,,,,
652,,,,,943,1000,Primary,ChildOf,91,1000,,,,,,,,,,,,,,,,,,,,,,,
653,,,,,657,1000,Primary,ChildOf,693,1000,,,,,,,,,,,,,,,,,,,,,,,
654,,,,,657,1000,Primary,ChildOf,693,1000,,,,,,,,,,,,,,,,,,,,,,,
655,,,,,657,1000,Primary,ChildOf,693,1000,,,,,,,,,,,,,,,,,,,,,,,
656,,,,,657,1000,Primary,ChildOf,693,1000,CanPrecede,CanPrecede,259,1000,,CanPrecede,321,1000,,CanPrecede,472,1000,,,,,,,,,,,
657,ChildOf,710,1000,Primary,,,,,,,,,,,,,,,,,,,,,,,,,,,,,
66,ChildOf,706,1000,Primary,,,,,,,,,,,,,,,,,,,,,,,,,,,,,
662,,,,,664,1000,Primary,ChildOf,691,1000,CanPrecede,CanPrecede,362,1000,,,,,,,,,,,,,,,,,,,
663,ChildOf,662,1000,Primary,,,,,,,,,,,,,,,,,,,,,,,,,,,,,
664,,,,,,,,,,,,,,,,,,,,,,,,,,,,,,,,,
665,ChildOf,664,1000,Primary,,,,,,,,,,,,,,,,,,,,,,,,,,,,,
666,ChildOf,664,1000,Primary,,,,,,,,,,,,,,,,,,,,,,,,,,,,,
667,,,,,662,1000,Primary,ChildOf,662,1003,ChildOf,ChildOf,662,1305,Primary,ChildOf,662,1340,Primary,,,,,,,,,,,,,,
668,ChildOf,664,1000,Primary,,,,,,,,,,,,,,,,,,,,,,,,,,,,,
669,ChildOf,664,1000,Primary,,,,,,,,,,,,,,,,,,,,,,,,,,,,,
67,ChildOf,66,1000,Primary,,,,,,,,,,,,,,,,,,,,,,,,,,,,,
670,ChildOf,691,1000,Primary,,,,,,,,,,,,,,,,,,,,,,,,,,,,,
671,ChildOf,657,1000,Primary,,,,,,,,,,,,,,,,,,,,,,,,,,,,,
672,ChildOf,666,1000,Primary,,,,,,,,,,,,,,,,,,,,,,,,,,,,,
673,ChildOf,664,1000,Primary,,,,,,,,,,,,,,,,,,,,,,,,,,,,,
674,ChildOf,691,1000,Primary,,,,,,,,,,,,,,,,,,,,,,,,,,,,,
675,,,,,573,1000,Primary,PeerOf,586,1000,PeerOf,PeerOf,102,1000,,,,,,,,,,,,,,,,,,,
676,ChildOf,1177,1000,Primary,,,,,,,,,,,,,,,,,,,,,,,,,,,,,
680,,,,,190,709,,ChildOf,119,1000,,,,,,,,,,,,,,,,,,,,,,,
681,,,,,704,1000,Primary,ChildOf,704,1003,CanPrecede,CanPrecede,682,1000,,,,,,,,,,,,,,,,,,,
682,CanPrecede,170,1000,,,,,,,,,,,,,,,,,,,,,,,,,,,,,,
683,ChildOf,628,1000,Primary,,,,,,,,,,,,,,,,,,,,,,,,,,,,,
684,ChildOf,710,1000,Primary,,,,,,,,,,,,,,,,,,,,,,,,,,,,,
685,ChildOf,628,1000,Primary,,,,,,,,,,,,,,,,,,,,,,,,,,,,,
686,ChildOf,628,1000,Primary,,,,,,,,,,,,,,,,,,,,,,,,,,,,,
687,ChildOf,628,1000,Primary,,,,,,,,,,,,,,,,,,,,,,,,,,,,,
688,ChildOf,628,1000,Primary,,,,,,,,,,,,,,,,,,,,,,,,,,,,,
689,,,,,362,1000,,Requires,362,1000,Requires,Requires,732,1000,,,,,,,,,,,,,,,,,,,
69,ChildOf,66,1000,Primary,,,,,,,,,,,,,,,,,,,,,,,,,,,,,
690,,,,,252,709,,ChildOf,476,1000,,,,,,,,,,,,,,,,,,,,,,,
691,,,,,,,,,,,,,,,,,,,,,,,,,,,,,,,,,
692,,,,,184,709,,ChildOf,79,1000,,,,,,,,,,,,,,,,,,,,,,,
693,,,,,,,,,,,,,,,,,,,,,,,,,,,,,,,,,
694,,,,,99,1000,Primary,ChildOf,573,1000,,,,,,,,,,,,,,,,,,,,,,,
695,ChildOf,573,1000,Primary,,,,,,,,,,,,,,,,,,,,,,,,,,,,,
696,ChildOf,691,1000,Primary,,,,,,,,,,,,,,,,,,,,,,,,,,,,,
697,,,,,,,,,,,,,,,,,,,,,,,,,,,,,,,,,
698,,,,,705,1000,Primary,ChildOf,670,1000,,,,,,,,,,,,,,,,,,,,,,,
7,ChildOf,756,1000,Primary,,,,,,,,,,,,,,,,,,,,,,,,,,,,,
703,,,,,,,,,,,,,,,,,,,,,,,,,,,,,,,,,
704,ChildOf,664,1000,Primary,,,,,,,,,,,,,,,,,,,,,,,,,,,,,
705,ChildOf,691,1000,Primary,,,,,,,,,,,,,,,,,,,,,,,,,,,,,
706,,,,,664,1000,Primary,PeerOf,99,1000,,,,,,,,,,,,,,,,,,,,,,,
707,,,,,,,,,,,,,,,,,,,,,,,,,,,,,,,,,
708,,,,,282,1000,Primary,CanAlsoBe,345,1000,,,,,,,,,,,,,,,,,,,,,,,
71,,,,,,,,,,,,,,,,,,,,,,,,,,,,,,,,,
710,,,,,,,,,,,,,,,,,,,,,,,,,,,,,,,,,
72,ChildOf,66,1000,Primary,,,,,,,,,,,,,,,,,,,,,,,,,,,,,
73,,,,,642,1000,Primary,ChildOf,610,1000,ChildOf,ChildOf,20,700,Primary,CanPrecede,22,1000,,CanPrecede,41,1000,CanPrecede,98,1000,,CanPrecede,434,1000,,CanPrecede,59,1000
732,,,,,285,1000,Primary,ChildOf,668,1000,,,,,,,,,,,,,,,,,,,,,,,
733,ChildOf,1038,1000,Primary,,,,,,,,,,,,,,,,,,,,,,,,,,,,,
74,ChildOf,707,1000,Primary,,,,,,,,,,,,,,,,,,,,,,,,,,,,,
749,,,,,664,1000,Primary,ChildOf,691,1000,,,,,,,,,,,,,,,,,,,,,,,
75,ChildOf,74,1000,Primary,,,,,,,,,,,,,,,,,,,,,,,,,,,,,
754,ChildOf,703,1000,Primary,,,,,,,,,,,,,,,,,,,,,,,,,,,,,
755,ChildOf,703,1000,Primary,,,,,,,,,,,,,,,,,,,,,,,,,,,,,
756,,,,,755,1000,Primary,CanPrecede,209,1000,,,,,,,,,,,,,,,,,,,,,,,
757,ChildOf,693,1000,Primary,,,,,,,,,,,,,,,,,,,,,,,,,,,,,
758,ChildOf,710,1000,Primary,,,,,,,,,,,,,,,,,,,,,,,,,,,,,
759,ChildOf,916,1000,Primary,,,,,,,,,,,,,,,,,,,,,,,,,,,,,
76,ChildOf,75,1000,Primary,,,,,,,,,,,,,,,,,,,,,,,,,,,,,
760,ChildOf,916,1000,Primary,,,,,,,,,,,,,,,,,,,,,,,,,,,,,
761,,,,,763,1000,Primary,ChildOf,404,1340,,,,,,,,,,,,,,,,,,,,,,,
762,,,,,763,1000,Primary,ChildOf,404,1340,,,,,,,,,,,,,,,,,,,,,,,
763,,,,,404,1000,Primary,ChildOf,404,1003,ChildOf,ChildOf,404,1340,Primary,,,,,,,,,,,,,,,,,,
764,,,,,667,1000,Primary,ChildOf,675,1000,ChildOf,ChildOf,662,1305,Primary,ChildOf,662,1340,Primary,,,,,,,,,,,,,,
765,,,,,667,1000,Primary,ChildOf,675,1000,,,,,,,,,,,,,,,,,,,,,,,
766,ChildOf,1061,1000,Primary,,,,,,,,,,,,,,,,,,,,,,,,,,,,,
767,ChildOf,668,1000,Primary,,,,,,,,,,,,,,,,,,,,,,,,,,,,,
768,ChildOf,691,1000,Primary,,,,,,,,,,,,,,,,,,,,,,,,,,,,,
769,,,,,,,,,,,,,,,,,,,,,,,,,,,,,,,,,
77,,,,,74,1000,Primary,ChildOf,74,1003,,,,,,,,,,,,,,,,,,,,,,,
770,,,,,400,1000,Primary,ChildOf,665,1000,ChildOf,ChildOf,400,1003,Primary,,,,,,,,,,,,,,,,,,
771,ChildOf,400,1000,Primary,,,,,,,,,,,,,,,,,,,,,,,,,,,,,
772,,,,,404,1000,Primary,ChildOf,404,1003,ChildOf,ChildOf,404,1305,Primary,ChildOf,404,1340,Primary,,,,,,,,,,,,,,
773,ChildOf,771,1000,Primary,,,,,,,,,,,,,,,,,,,,,,,,,,,,,
774,ChildOf,770,1000,Primary,,,,,,,,,,,,,,,,,,,,,,,,,,,,,
775,,,,,772,1000,Primary,ChildOf,404,1305,ChildOf,ChildOf,404,1340,Primary,,,,,,,,,,,,,,,,,,
776,,,,,674,1000,Primary,ChildOf,674,1003,ChildOf,ChildOf,409,1000,,,,,,,,,,,,,,,,,,,
777,ChildOf,625,1000,Primary,,,,,,,,,,,,,,,,,,,,,,,,,,,,,
778,,,,,223,1000,Primary,ChildOf,693,1000,,,,,,,,,,,,,,,,,,,,,,,
779,ChildOf,400,1000,Primary,,,,,,,,,,,,,,,,,,,,,,,,,,,,,
78,,,,,77,1000,Primary,ChildOf,74,1003,ChildOf,ChildOf,77,1305,Primary,ChildOf,77,1340,Primary,CanAlsoBe,88,1000,,,,,,,,,,,
780,ChildOf,327,1000,Primary,,,,,,,,,,,,,,,,,,,,,,,,,,,,,
781,,,,,1285,1000,Primary,CanPrecede,822,1000,,,,,,,,,,,,,,,,,,,,,,,
782,,,,,749,1000,Primary,CanPrecede,781,1000,,,,,,,,,,,,,,,,,,,,,,,
783,ChildOf,670,1000,Primary,,,,,,,,,,,,,,,,,,,,,,,,,,,,,
784,,,,,807,1000,,ChildOf,565,1000,,,,,,,,,,,,,,,,,,,,,,,
785,,,,,676,1000,Primary,ChildOf,120,1000,ChildOf,ChildOf,20,700,Primary,,,,,,,,,,,,,,,,,,
786,,,,,119,1000,Primary,ChildOf,119,1305,ChildOf,ChildOf,119,1340,Primary,,,,,,,,,,,,,,,,,,
787,,,,,119,1000,Primary,ChildOf,119,1003,ChildOf,ChildOf,119,1305,Primary,ChildOf,119,1340,Primary,,,,,,,,,,,,,,
788,,,,,119,1000,Primary,ChildOf,119,1305,ChildOf,ChildOf,119,1340,Primary,,,,,,,,,,,,,,,,,,
789,,,,,770,1000,Primary,ChildOf,1284,1000,CanPrecede,CanPrecede,476,1000,,,,,,,,,,,,,,,,,,,
79,,,,,74,1000,Primary,ChildOf,74,1003,CanPrecede,CanPrecede,494,1000,,PeerOf,352,1000,,,,,,,,,,,,,,,
790,ChildOf,138,1000,Primary,,,,,,,,,,,,,,,,,,,,,,,,,,,,,
791,ChildOf,790,1000,Primary,,,,,,,,,,,,,,,,,,,,,,,,,,,,,
792,ChildOf,791,1000,Primary,,,,,,,,,,,,,,,,,,,,,,,,,,,,,
793,ChildOf,792,1000,Primary,,,,,,,,,,,,,,,,,,,,,,,,,,,,,
794,ChildOf,792,1000,Primary,,,,,,,,,,,,,,,,,,,,,,,,,,,,,
795,ChildOf,791,1000,Primary,,,,,,,,,,,,,,,,,,,,,,,,,,,,,
796,ChildOf,795,1000,Primary,,,,,,,,,,,,,,,,,,,,,,,,,,,,,
797,ChildOf,795,1000,Primary,,,,,,,,,,,,,,,,,,,,,,,,,,,,,
798,,,,,287,1000,Primary,ChildOf,287,1003,ChildOf,ChildOf,344,1000,,ChildOf,671,1000,,PeerOf,257,1000,,,,,,,,,,,
799,ChildOf,691,1000,Primary,,,,,,,,,,,,,,,,,,,,,,,,,,,,,
8,ChildOf,668,1000,Primary,,,,,,,,,,,,,,,,,,,,,,,,,,,,,
80,ChildOf,79,1000,Primary,,,,,,,,,,,,,,,,,,,,,,,,,,,,,
804,,,,,863,1000,Primary,ChildOf,287,1000,ChildOf,ChildOf,330,1000,,,,,,,,,,,,,,,,,,,
805,,,,,119,1000,Primary,ChildOf,119,1305,ChildOf,ChildOf,119,1340,Primary,,,,,,,,,,,,,,,,,,
806,ChildOf,805,1000,Primary,,,,,,,,,,,,,,,,,,,,,,,,,,,,,
807,ChildOf,693,1000,Primary,,,,,,,,,,,,,,,,,,,,,,,,,,,,,
81,,,,,79,1000,Primary,CanAlsoBe,209,1000,CanAlsoBe,CanAlsoBe,390,1000,,,,,,,,,,,,,,,,,,,
82,ChildOf,83,1000,Primary,,,,,,,,,,,,,,,,,,,,,,,,,,,,,
820,,,,,662,1000,Primary,ChildOf,662,1305,ChildOf,ChildOf,662,1340,Primary,,,,,,,,,,,,,,,,,,
821,,,,,662,1000,Primary,ChildOf,662,1305,ChildOf,ChildOf,662,1340,Primary,,,,,,,,,,,,,,,,,,
822,,,,,119,1000,Primary,ChildOf,119,1305,ChildOf,ChildOf,119,1340,Primary,CanPrecede,125,1000,,CanPrecede,787,1000,,,,,,,,,,,
823,,,,,119,1000,Primary,ChildOf,119,1305,ChildOf,ChildOf,119,1340,Primary,CanPrecede,125,1000,,CanPrecede,787,1000,,,,,,,,,,,
824,,,,,119,1000,Primary,ChildOf,119,1003,ChildOf,ChildOf,119,1305,Primary,ChildOf,119,1340,Primary,CanPrecede,125,1000,CanPrecede,787,1000,,,,,,,,
825,,,,,119,1000,Primary,ChildOf,119,1305,ChildOf,ChildOf,119,1340,Primary,ChildOf,672,1000,,CanPrecede,125,1000,CanPrecede,787,1000,,,,,,,,
826,,,,,666,1000,Primary,CanPrecede,672,1000,,,,,,,,,,,,,,,,,,,,,,,
827,,,,,706,1000,Primary,ChildOf,829,1000,CanPrecede,CanPrecede,776,1000,,,,,,,,,,,,,,,,,,,
828,ChildOf,364,1000,Primary,,,,,,,,,,,,,,,,,,,,,,,,,,,,,
829,,,,,669,1000,Primary,ChildOf,669,1003,,,,,,,,,,,,,,,,,,,,,,,
83,ChildOf,79,1000,Primary,,,,,,,,,,,,,,,,,,,,,,,,,,,,,
830,ChildOf,829,1000,Primary,,,,,,,,,,,,,,,,,,,,,,,,,,,,,
831,ChildOf,364,1000,Primary,,,,,,,,,,,,,,,,,,,,,,,,,,,,,
832,ChildOf,667,1000,Primary,,,,,,,,,,,,,,,,,,,,,,,,,,,,,
833,,,,,667,1000,Primary,ChildOf,662,1305,,,,,,,,,,,,,,,,,,,,,,,
834,ChildOf,691,1000,Primary,,,,,,,,,,,,,,,,,,,,,,,,,,,,,
835,,,,,834,1000,Primary,ChildOf,834,1003,,,,,,,,,,,,,,,,,,,,,,,
836,,,,,287,1000,Primary,PeerOf,602,1000,,,,,,,,,,,,,,,,,,,,,,,
837,ChildOf,799,1000,Primary,,,,,,,,,,,,,,,,,,,,,,,,,,,,,
838,,,,,116,1000,Primary,ChildOf,116,1003,,,,,,,,,,,,,,,,,,,,,,,
839,,,,,1023,1000,Primary,CanPrecede,195,1000,CanPrecede,CanPrecede,682,1000,,CanPrecede,119,1000,,CanPrecede,124,1000,,,,,,,,,,,
84,ChildOf,79,1000,Primary,,,,,,,,,,,,,,,,,,,,,,,,,,,,,
841,ChildOf,691,1000,Primary,,,,,,,,,,,,,,,,,,,,,,,,,,,,,
842,ChildOf,286,1000,Primary,,,,,,,,,,,,,,,,,,,,,,,,,,,,,
843,,,,,704,1000,Primary,ChildOf,704,1003,CanPrecede,CanPrecede,119,1000,,,,,,,,,,,,,,,,,,,
85,,,,,79,1000,Primary,PeerOf,675,1000,,,,,,,,,,,,,,,,,,,,,,,
86,,,,,79,1000,Primary,PeerOf,184,1000,ChildOf,ChildOf,436,1000,,,,,,,,,,,,,,,,,,,
862,,,,,285,1000,Primary,ChildOf,284,1340,,,,,,,,,,,,,,,,,,,,,,,
863,,,,,285,1000,Primary,ChildOf,284,1340,,,,,,,,,,,,,,,,,,,,,,,
87,ChildOf,79,1000,Primary,,,,,,,,,,,,,,,,,,,,,,,,,,,,,
88,,,,,77,1000,Primary,ChildOf,74,1003,ChildOf,ChildOf,77,1305,Primary,ChildOf,77,1340,Primary,,,,,,,,,,,,,,
89,,,,,943,1000,Primary,ChildOf,74,1003,,,,,,,,,,,,,,,,,,,,,,,
9,ChildOf,266,1000,Primary,,,,,,,,,,,,,,,,,,,,,,,,,,,,,
90,ChildOf,943,1000,Primary,,,,,,,,,,,,,,,,,,,,,,,,,,,,,
908,,,,,665,1000,Primary,ChildOf,665,1003,,,,,,,,,,,,,,,,,,,,,,,
909,,,,,665,1000,Primary,ChildOf,665,1003,CanPrecede,CanPrecede,908,1000,,,,,,,,,,,,,,,,,,,
91,,,,,74,1000,Primary,ChildOf,74,1003,,,,,,,,,,,,,,,,,,,,,,,
910,ChildOf,672,1000,Primary,,,,,,,,,,,,,,,,,,,,,,,,,,,,,
911,,,,,664,1000,Primary,CanPrecede,672,1000,CanPrecede,CanPrecede,772,1000,,,,,,,,,,,,,,,,,,,
912,ChildOf,710,1000,Primary,,,,,,,,,,,,,,,,,,,,,,,,,,,,,
913,ChildOf,664,1000,Primary,,,,,,,,,,,,,,,,,,,,,,,,,,,,,
914,,,,,99,1000,Primary,ChildOf,913,1000,,,,,,,,,,,,,,,,,,,,,,,
915,,,,,913,1000,Primary,PeerOf,502,1000,,,,,,,,,,,,,,,,,,,,,,,
916,,,,,327,1000,Primary,ChildOf,327,1003,,,,,,,,,,,,,,,,,,,,,,,
917,,,,,77,1000,Primary,ChildOf,74,1003,ChildOf,ChildOf,77,1305,Primary,ChildOf,77,1340,Primary,,,,,,,,,,,,,,
918,,,,,441,1000,Primary,ChildOf,610,1003,,,,,,,,,,,,,,,,,,,,,,,
92,,,,,,,,,,,,,,,,,,,,,,,,,,,,,,,,,
920,,,,,400,1000,Primary,ChildOf,400,1003,,,,,,,,,,,,,,,,,,,,,,,
921,ChildOf,922,1000,Primary,,,,,,,,,,,,,,,,,,,,,,,,,,,,,
922,ChildOf,664,1000,Primary,,,,,,,,,,,,,,,,,,,,,,,,,,,,,
923,ChildOf,284,1000,Primary,,,,,,,,,,,,,,,,,,,,,,,,,,,,,
924,,,,,345,1000,Primary,ChildOf,345,1003,,,,,,,,,,,,,,,,,,,,,,,
925,ChildOf,923,1000,Primary,,,,,,,,,,,,,,,,,,,,,,,,,,,,,
926,ChildOf,285,1000,Primary,,,,,,,,,,,,,,,,,,,,,,,,,,,,,
927,,,,,285,1000,Primary,ChildOf,668,1000,,,,,,,,,,,,,,,,,,,,,,,
93,,,,,74,1000,Primary,CanPrecede,117,1000,,,,,,,,,,,,,,,,,,,,,,,
939,ChildOf,862,1000,Primary,,,,,,,,,,,,,,,,,,,,,,,,,,,,,
94,,,,,74,1000,Primary,ChildOf,74,1003,ChildOf,ChildOf,913,1000,,ChildOf,691,1000,,,,,,,,,,,,,,,
940,ChildOf,923,1000,Primary,,,,,,,,,,,,,,,,,,,,,,,,,,,,,
941,,,,,923,1000,Primary,CanPrecede,406,1000,,,,,,,,,,,,,,,,,,,,,,,
942,,,,,284,1000,Primary,ChildOf,183,1000,CanPrecede,CanPrecede,668,1000,,,,,,,,,,,,,,,,,,,
943,ChildOf,74,1000,Primary,,,,,,,,,,,,,,,,,,,,,,,,,,,,,
95,ChildOf,94,1000,Primary,,,,,,,,,,,,,,,,,,,,,,,,,,,,,
96,ChildOf,94,1000,Primary,,,,,,,,,,,,,,,,,,,,,,,,,,,,,
97,ChildOf,96,1000,Primary,,,,,,,,,,,,,,,,,,,,,,,,,,,,,
98,,,,,706,1000,,ChildOf,829,1000,CanPrecede,CanPrecede,94,1000,,CanAlsoBe,426,1000,,,,,,,,,,,,,,,
99,,,,,74,1000,Primary,PeerOf,706,1000,CanAlsoBe,CanAlsoBe,73,1000,,,,,,,,,,,,,,,,,,,
